PRAGMA foreign_keys=OFF;
BEGIN TRANSACTION;
DROP TABLE IF EXISTS collection;
DROP TABLE IF EXISTS fijalist_collection;
DROP TABLE IF EXISTS fijalist_tag;
DROP TABLE IF EXISTS fijalist;
DROP TABLE IF EXISTS tag;
DROP TABLE IF EXISTS user;
CREATE TABLE fijalist (
	id INTEGER NOT NULL, 
	title VARCHAR(255) NOT NULL, 
	description VARCHAR(500), 
	cover_image VARCHAR(255), 
	content JSON NOT NULL, 
	created_at DATETIME, 
	updated_at DATETIME, 
	PRIMARY KEY (id)
);
INSERT INTO fijalist VALUES(1,'Ernest Hemingway''s Favorite Haunts in Florida','Explore Key West through the footsteps of the famous author who lived, wrote, and drank here from 1931-1939','https://lh3.googleusercontent.com/gps-cs-s/AC9h4np8LVnIwNe-oFVdyKZ0uBsA-LcKD41XmE6uA5LCQxG5fFgCBqlySf-NjjPCNSFiZBSKUQzGGMaQ6sldpe041UxYErSOW9jKKH-tkb0yOz736Qn2g4T3gyr1k_piU3Zg-znZM6Um=s1360-w1360-h1020','["Ernest Hemingway Home and Museum - Visit his Spanish Colonial house where he lived from 1931-1939 and wrote many famous works. Don''t miss the 60+ six-toed cats, descendants of Hemingway''s original polydactyl cat.", "Sloppy Joe''s Bar - Hemingway''s favorite drinking spot in Key West, opened in 1933. He was a regular here and helped make it famous. The bar still hosts an annual Hemingway look-alike contest.", "Captain Tony''s Saloon - The original location of Sloppy Joe''s where Hemingway first drank. The building dates to 1851 and was once an ice house, morgue, and telegraph office.", "Blue Heaven Restaurant - Originally a boxing ring where Hemingway refereed matches in the 1930s. Now a charming restaurant with an open courtyard.", "Key West Lighthouse - Hemingway could see this lighthouse from his home and used it as a landmark to find his way home after late nights out.", "Dry Tortugas National Park - Hemingway frequently sailed here on his boat ''Pilar'' for fishing trips. The pristine waters were among his favorite fishing spots.", "Bagatelle Restaurant - Originally the Bahama House, this mansion was built in 1840 and was the residence of Hemingway''s friend Tootie Roberts.", "Key West First Legal Rum Distillery - While not directly connected to Hemingway, they offer a ''Hemingway Special'' rum that pays homage to his love for mojitos and daiquiris."]','2025-05-05 18:55:58.344433','2025-05-05 18:55:58.344439');
INSERT INTO fijalist VALUES(2,'Best Coffee Shops in Portland','A curated selection of Portland''s finest coffee establishments','https://images.unsplash.com/photo-1515283709260-ee29296f1534?ixlib=rb-4.0.3&ixid=MnwxMjA3fDB8MHxwaG90by1wYWdlfHx8fGVufDB8fHx8&auto=format&fit=crop&w=1170&q=80','["Stumptown Coffee Roasters - The iconic Portland coffee brand known for their direct trade practices and meticulous roasting. Their downtown location features exposed brick walls, industrial design elements, and baristas who are passionate about brewing the perfect cup. Try their Hair Bender blend for a complex flavor profile with notes of chocolate and citrus.", "Heart Coffee Roasters - Scandinavian-inspired coffee shop offering minimalist aesthetics and light-roasted single-origin beans. Founded by Finnish native Wille Yli-Luoma, Heart focuses on highlighting the natural characteristics of each coffee variety. Their airy cafes feature white walls, blonde wood, and a selection of Nordic-inspired pastries to complement your coffee experience.", "Coava Coffee Roasters - Industrial-chic cafe with single-origin offerings served in a renovated warehouse space. Known for their meticulous brewing methods including pour-over, Chemex, and AeroPress preparations. The spacious interior features reclaimed wood, concrete floors, and communal tables perfect for remote work or catching up with friends. Their Ethiopia Kilenso is a standout with bright berry notes."]','2025-05-05 18:55:58.350513','2025-05-05 18:55:58.350515');
INSERT INTO fijalist VALUES(3,'Scenic Views with Bob Ross in the Pacific Northwest','Experience the joy of painting in real life by visiting these breathtaking Pacific Northwest locations that could have inspired Bob Ross''s iconic landscape paintings.','https://images.unsplash.com/photo-1503614472-8c93d56e92ce?ixlib=rb-4.0.3&ixid=MnwxMjA3fDB8MHxwaG90by1wYWdlfHx8fGVufDB8fHx8&auto=format&fit=crop&w=1111&q=80','["Mount Rainier National Park, Washington - This majestic mountain with its snow-capped peak evokes Bob Ross''s painting ''Mountain Retreat''. The view from Reflection Lakes provides a perfect mirror image of the mountain just like Ross often painted.", "Multnomah Falls, Oregon - This 620-foot-tall waterfall in the Columbia River Gorge bears striking resemblance to Ross''s ''Hidden Waterfall'' painting. The two-tiered falls surrounded by lush greenery create a perfect Bob Ross-esque scene.", "Lake Crescent, Olympic National Park - The crystal-clear waters and surrounding evergreen forests mirror the tranquil lake scenes in Ross''s ''Peaceful Waters'' painting. The morning mist that often settles on the lake creates the ethereal quality Ross loved.", "Cedar Creek Grist Mill, Washington - This historic wooden mill built in 1876 sits over a rushing creek, similar to Ross''s ''Old Mill'' paintings. The red wooden structure against green forest would have delighted Bob.", "Tumalo Falls Trail, Oregon - The burbling Tumalo Creek that runs alongside this trail resembles the ''Bubbling Stream'' painting. The 97-foot waterfall at the end provides a perfect Ross-style focal point.", "Mount Hood from Trillium Lake, Oregon - This stunning view with the mountain reflected in the still lake is reminiscent of Ross''s ''Reflections of Calm''. The composition with trees framing the mountain is classic Bob Ross."]','2025-05-05 18:55:58.351308','2025-05-05 18:55:58.351309');
INSERT INTO fijalist VALUES(4,'Animal Lover''s Adventure in San Diego','Discover the perfect itinerary for animal enthusiasts in San Diego, from ethical wildlife encounters to pet-friendly cafes and plant-based dining experiences.','https://res.cloudinary.com/jerrick/image/upload/v1736683724/6783b0ccb4c81c001d8bf1d7.jpg','["San Diego Zoo - One of the world''s most famous zoos with over 12,000 rare and endangered animals representing more than 650 species. Don''t miss the giant pandas, koalas, and the Elephant Odyssey habitat.", "Cat Caf\u00e9 Lounge San Diego - Spend time with adoptable rescue cats while enjoying coffee and pastries. All cats are available for adoption, and your visit helps support their care.", "La Jolla Cove - Watch sea lions and harbor seals in their natural habitat as they lounge on the rocks and swim in the protected cove. The area is also home to colorful garibaldi fish and pelicans.", "Kindred - Award-winning vegan restaurant in South Park offering creative plant-based dishes and cocktails in a stylish gothic-inspired space. Their Buffalo cauliflower ''wings'' and seitan skewers are local favorites.", "Safari Park - Sister property to the San Diego Zoo where animals roam in large enclosures that mimic their native habitats. The African Tram Safari and Cheetah Run are must-see experiences.", "Dog Beach - A leash-free beach in Ocean Beach where dogs can run, play and swim. Perfect for dog owners or just animal lovers who enjoy watching happy pups frolic in the surf.", "Plant Power Fast Food - A 100% plant-based fast food restaurant serving vegan versions of classic favorites like burgers, ''chicken'' sandwiches, and milkshakes, showing how animal-friendly dining can still be indulgent."]','2025-05-05 18:55:58.351968','2025-05-05 18:55:58.351969');
INSERT INTO fijalist VALUES(5,'Literary Landmarks in Dublin','Follow in the footsteps of Ireland''s literary giants through Dublin, a UNESCO City of Literature that has inspired countless writers and poets through the centuries.','https://encrypted-tbn0.gstatic.com/images?q=tbn:ANd9GcRnVbgKdoAktjUyE6RUKcUQ38Pe06eVuunVHg&s','["Dublin Writers Museum - Housed in an 18th-century mansion, this museum celebrates the works of Swift, Wilde, Yeats, Joyce, and other Irish literary legends with manuscripts, letters, and personal items.", "Trinity College and the Book of Kells - Visit the alma mater of Samuel Beckett, Oscar Wilde, and Bram Stoker, and see the stunning Long Room Library that houses the famous illuminated manuscript.", "Davy Byrne''s Pub - The famous pub featured in James Joyce''s ''Ulysses'' where Leopold Bloom enjoyed a gorgonzola sandwich and glass of burgundy. Still operating today and a must-visit on Bloomsday (June 16).", "Oscar Wilde House - The childhood home of the famous playwright and wit, now part of the American College Dublin. The nearby statue of Wilde lounging on a rock in Merrion Square is also worth visiting.", "Sweny''s Pharmacy - A preserved Victorian-era pharmacy where Leopold Bloom bought lemon soap in ''Ulysses''. Now run by volunteers who host daily readings from Joyce''s works.", "The National Library of Ireland - Houses the world''s largest collection of W.B. Yeats manuscripts, along with extensive Joyce archives and an excellent exhibition on Irish literary history.", "The Abbey Theatre - Founded by W.B. Yeats and Lady Gregory in 1904, this is Ireland''s national theater and played a crucial role in promoting Irish literary talent."]','2025-05-05 18:55:58.352596','2025-05-05 18:55:58.352596');
INSERT INTO fijalist VALUES(6,'Hidden Architectural Gems in Chicago','Discover Chicago''s lesser-known architectural masterpieces beyond the famous skyscrapers, showcasing the city''s rich design heritage across different neighborhoods and eras.','https://media-cdn.tripadvisor.com/media/attractions-splice-spp-720x480/12/6d/a4/d2.jpg','["Bah\u00e1''\u00ed House of Worship - The only Bah\u00e1''\u00ed temple in North America, this stunning domed structure in Wilmette features intricate lace-like concrete patterns and beautiful gardens.", "Rookery Building Light Court - Step inside this 1888 masterpiece to see Frank Lloyd Wright''s luminous lobby renovation with white marble and gold leaf details hidden within a historic exterior.", "Reebie Storage Warehouse - An unlikely Egyptian Revival treasure covered in hieroglyphics, pharaohs, and palm fronds, making it perhaps the world''s most elaborate storage facility.", "Alfred Caldwell Lily Pool - A prairie-style landscape masterpiece tucked away in Lincoln Park, featuring natural stonework, native plantings, and a pavilion designed by Caldwell.", "Elks National Memorial - A neoclassical circular temple with breathtaking mosaics, bronze sculptures, and a 38-foot domed ceiling rarely visited by tourists.", "S.R. Crown Hall - Ludwig Mies van der Rohe''s minimalist masterpiece on the IIT campus embodies his ''less is more'' philosophy with its clear span glass and steel construction.", "Chicago Cultural Center - Free to enter and home to the world''s largest Tiffany glass dome, intricately designed mosaics, and marble staircases housed in what was once the city''s first public library."]','2025-05-05 18:55:58.353235','2025-05-05 18:55:58.353236');
INSERT INTO fijalist VALUES(7,'Street Art Safari in Melbourne','Explore Melbourne''s world-renowned urban art scene through its vibrant laneways, hidden alleys, and neighborhood walls that showcase everything from political statements to breathtaking murals.','https://encrypted-tbn0.gstatic.com/images?q=tbn:ANd9GcQ-WRry9frFZRFWOV8583mtu3txPtZ0-Kb7Ag&s','["Hosier Lane - The most famous street art location in Melbourne, this bluestone laneway features constantly changing murals, stencils, and paste-ups from international and local artists.", "AC/DC Lane - Named after the famous Australian rock band, this laneway in the heart of Melbourne features music-themed art and leads to Cherry Bar, a legendary rock venue.", "Blender Studios - An artist-run studio space that offers guided street art tours led by working artists who can provide insider knowledge about Melbourne''s urban art culture.", "Centre Place - A narrow laneway filled with cafes, small bars, and boutiques where street art covers every available surface, creating one of Melbourne''s most photographed locations.", "Brunswick Street, Fitzroy - This bohemian neighborhood is home to large-scale murals by renowned artists like Rone and Adnate, often depicting haunting, photorealistic portraits.", "Duckboard Place - Connected to AC/DC Lane, this area features works by international street artists and is home to a famous Banksy rat stencil (though it''s been damaged over time).", "Collingwood Arts Precinct - This former technical school has been transformed into a creative hub with building-sized murals and installations throughout the surrounding streets."]','2025-05-05 18:55:58.353814','2025-05-05 18:55:58.353815');
INSERT INTO fijalist VALUES(8,'Historical Pub Crawl in Boston','Drink in the history of America''s revolution while sampling craft beers and classic cocktails at Boston''s oldest and most storied taverns, where founding fathers once plotted independence.','https://encrypted-tbn0.gstatic.com/images?q=tbn:ANd9GcQmaqCgn4T1xOpFuU15XuxNTR0cTmH-u2iR5g&s','["Green Dragon Tavern - Established in 1654 and known as the ''Headquarters of the Revolution'', this is where Paul Revere and John Hancock plotted the Boston Tea Party. The current location is a faithful recreation of the original.", "Bell in Hand Tavern - America''s oldest continuously operating tavern (established 1795), founded by Boston''s last town crier. Try their signature ale while soaking in the historic atmosphere.", "Warren Tavern - Built in 1780, this Charlestown pub was one of the first buildings constructed after the British burned the town. George Washington, Paul Revere, and Benjamin Franklin all drank here.", "Union Oyster House - America''s oldest continuously operating restaurant (since 1826) features a wooden bar that''s been serving drinks for nearly two centuries. The ''Kennedy Booth'' commemorates JFK''s regular visits.", "The Point - Located in the historic Bulfinch Triangle, this pub occupies a building from the 1840s that survived Boston''s Great Fire of 1872 and has original exposed brick walls and wooden beams.", "Doyle''s Cafe - A Jamaica Plain institution since 1882 that served as a political hub for Boston mayors and Kennedy family gatherings. Famous for being the first bar to pour Sam Adams beer.", "Amrheins - South Boston''s oldest tavern (established 1890) features the oldest hand-carved bar in America and the first draft beer system in Boston."]','2025-05-05 18:55:58.354378','2025-05-05 18:55:58.354378');
INSERT INTO fijalist VALUES(9,'Southeast Asian Foodie''s Paradise in Queens, NY','Embark on a culinary journey through the diverse flavors of Southeast Asia without leaving Queens, home to authentic restaurants representing Thailand, Vietnam, the Philippines, and more.','https://www.seriouseats.com/thmb/BBksd7FXnrkxFa8Dipf_LmgP9HA=/1500x0/filters:no_upscale():max_bytes(150000):strip_icc()/Filipino-Features-Hero-Final-2-b785e627967843b0aa631c6a977adabe.jpg','["SriPraPhai - This Woodside institution is widely considered one of NYC''s best Thai restaurants, known for not toning down spice levels and serving regional specialties like crispy watercress salad and jungle curry.", "Phayul - Experience Tibetan cuisine in Jackson Heights with standout dishes like beef momos (dumplings), thenthuk (hand-pulled noodle soup), and shabhaley (fried beef patties).", "Ihawan - This Filipino favorite in Woodside serves exceptional lechon (roast pork) and kare-kare (oxtail stew in peanut sauce) in a no-frills setting that locals adore.", "Pata Cafe - A hidden gem in Elmhurst offering authentic Northern Thai dishes like khao soi (curry noodle soup) and nam prik ong (chili dip) that are rare finds outside Thailand.", "JoJu - Modern Vietnamese in Elmhurst famous for their banh mi sandwiches with creative fillings like bulgogi beef and lemongrass pork, plus Vietnamese iced coffee and bubble tea.", "Lao Bei Fang - Hand-pulled noodles made before your eyes at this Elmhurst spot specializing in northwestern Chinese cuisine, with incredible knife-shaved noodles and affordable dumplings.", "Dosa Delight - South Indian vegetarian haven in Jackson Heights serving crispy dosas, uttapam, and thali platters that showcase the regional flavors of southern India."]','2025-05-05 18:55:58.354947','2025-05-05 18:55:58.354947');
INSERT INTO fijalist VALUES(10,'Film Location Tour in Vancouver','Explore ''Hollywood North'' through iconic filming locations that have doubled for everything from superhero cities to alien worlds in countless blockbusters and TV series.','https://images.unsplash.com/photo-1559511260-66a654ae982a?ixlib=rb-4.0.3&ixid=MnwxMjA3fDB8MHxwaG90by1wYWdlfHx8fGVufDB8fHx8&auto=format&fit=crop&w=1292&q=80','["Vancouver Public Library - The distinctive postmodern central branch has appeared in Battlestar Galactica, The Imaginarium of Doctor Parnassus, and as a high-tech headquarters in multiple sci-fi productions.", "Stanley Park - This sprawling urban park has been featured in Deadpool, Planet of the Apes, The X-Files, and countless other productions, with its seawall and forest areas providing versatile backdrops.", "Gastown Steam Clock - A popular filming spot on Vancouver''s cobblestone streets, appearing in Deadpool, Lucifer, and The Flash. The surrounding historic district frequently stands in for New York City.", "Marine Building - This stunning Art Deco building from 1930 has served as the Daily Planet in Smallville, appeared in Blade: Trinity, and featured in Fifty Shades of Grey as Christian Grey''s office building.", "University of British Columbia - The campus has portrayed everything from Xavier''s School for Gifted Youngsters in X-Men to the setting for The Age of Adaline, with its Museum of Anthropology being particularly photogenic.", "Cleveland Dam - This North Vancouver location created the dramatic waterfall fight scene in Rambo: First Blood and has appeared in MacGyver, The X-Files, and Supernatural.", "Britannia Mine Museum - This former copper mine has been transformed into everything from secret military facilities to villain lairs in productions like The X-Files, Siren, and Fantastic Four."]','2025-05-05 18:55:58.355619','2025-05-05 18:55:58.355620');
INSERT INTO fijalist VALUES(11,'Jazz History Tour in New Orleans','Explore the birthplace of jazz through this curated journey of historic venues, museums, and landmarks that showcase New Orleans'' unparalleled contribution to America''s most original art form.','https://assets.simpleviewinc.com/simpleview/image/upload/c_fill,f_avif,h_610,q_65,w_1439/v1/clients/neworleans/NOTMC_38958_02fddb97-157a-43b0-8588-5e3772a75a7f.jpg','["Preservation Hall - This intimate, no-frills venue established in 1961 remains the sanctuary of traditional New Orleans jazz. The nightly performances by rotating ensembles of veteran musicians create an authentic experience in a building dating back to the 1750s.", "Congo Square in Louis Armstrong Park - The historic gathering place where enslaved Africans were permitted to play music and dance on Sundays during the 1800s, laying the rhythmic foundations of jazz. The park now honors New Orleans'' most famous jazz son.", "Frenchmen Street - The locals'' alternative to Bourbon Street features a concentration of live music clubs like The Spotted Cat, d.b.a., and Blue Nile, where you can catch contemporary jazz performances any night of the week.", "Buddy Bolden''s Former Home - Visit the remnants of the Central City residence of the cornetist widely credited as the first jazz bandleader, though no recordings of his playing exist. His innovative style around 1900 helped birth the jazz movement.", "Basin Street Station - This visitor center occupies the former Southern Railway Terminal building near the now-filled Basin Street Canal, which gave name to the famous ''Basin Street Blues'' composed by Spencer Williams in 1928.", "Hogan Jazz Archive at Tulane University - For serious jazz historians, this archive houses oral histories, sheet music, recordings, and photographs documenting the early development of jazz in New Orleans.", "Backstreet Cultural Museum - Located in the historic Trem\u00e9 neighborhood, this small museum preserves the African American cultural traditions that influenced jazz, including second line parades and Mardi Gras Indian costumes."]','2025-05-05 18:55:58.356236','2025-05-05 18:55:58.356236');
INSERT INTO fijalist VALUES(12,'Tokyo''s Hidden Gardens and Green Spaces','Discover tranquil oases amid the bustling metropolis of Tokyo, where centuries-old Japanese garden design and modern urban green spaces provide peaceful retreats from city life.','https://i0.wp.com/tokyotreatblog.wpcomstaging.com/wp-content/uploads/2023/07/hidden-parks-in-tokyo-thumbnail.png?fit=1024%2C683&ssl=1','["Koishikawa Korakuen - One of Tokyo''s oldest gardens dating from 1629, this Edo-period strolling garden recreates famous landscapes of China and Japan in miniature with a central pond, stone bridges, and carefully placed stone lanterns.", "Rikugien Garden - Created in 1702 for a feudal lord, this garden reproduces in miniature 88 scenes from famous poems. The meticulously maintained paths wind around a large central pond with islands connected by bridges.", "Institute for Nature Study - This 49-acre nature preserve in Minato ward has been protected since 1949, allowing visitors to experience what Tokyo''s landscape looked like before urbanization. The dense forest features native plants and wildlife.", "Hama-rikyu Gardens - These landscaped gardens sit on Tokyo Bay, creating a dramatic contrast between the traditional setting and the modern skyscrapers of Shiodome. The seawater pond''s level changes with the tide, and a 300-year-old pine tree stands as its centerpiece.", "Kyu-Shiba-rikyu Gardens - The smallest of Tokyo''s traditional landscape gardens feels larger through the technique of ''borrowed scenery,'' incorporating distant skyscrapers as design elements. The quiet garden features a central pond with three islands.", "Shinjuku Gyoen - This spacious park combines three distinct styles: formal French, English landscape, and traditional Japanese. Over 10,000 trees and 1,500 cherry trees make it a year-round destination with different seasonal highlights.", "Happo-en - This private garden belonging to a wedding venue features a 200-year-old bonsai collection, traditional teahouses, and a pond filled with colorful koi. The garden''s name means ''beautiful from every angle.''"]','2025-05-05 18:55:58.356551','2025-05-05 18:55:58.356552');
INSERT INTO fijalist VALUES(13,'Art Deco Architecture Tour of Miami Beach','Explore the world''s largest concentration of Art Deco buildings in Miami Beach''s historic district, featuring the distinctive pastel-colored, geometric designs that defined this glamorous 1920s-1940s architectural movement.','https://media.tacdn.com/media/attractions-splice-spp-674x446/06/6e/cf/4d.jpg','["Colony Hotel - This 1935 hotel''s distinctive blue neon sign and fa\u00e7ade make it one of Ocean Drive''s most photographed buildings. Designed by Henry Hohauser, it exemplifies the ''tropical deco'' style with porthole windows and eyebrow overhangs.", "The Carlyle - This iconic 1941 building designed by Kiehnel and Elliott has been immortalized in numerous films including ''Scarface'' and ''The Birdcage.'' Its symmetrical fa\u00e7ade features three prominent vertical towers and stepped rooflines.", "Miami Beach Post Office - Built in 1937 as part of the New Deal''s public works program, this grand building features terrazzo floors depicting hurricane warning symbols and exterior friezes representing Florida''s air, land, and sea mail delivery.", "The Webster - This 1939 Henry Hohauser-designed building has been transformed into a luxury boutique while preserving its distinctive exterior. The three-story building features symmetrical fenestration and classic streamline curves.", "Art Deco Welcome Center - Begin your self-guided tour at this resource center operated by the Miami Design Preservation League, which successfully saved the district from demolition in the 1970s. The building houses exhibits on Art Deco history.", "The McAlpin - This pastel pink and turquoise hotel from 1940 designed by L. Murray Dixon showcases classic Art Deco elements including rule of three windows, ziggurat (stepped) roofline, and neon lighting outlining the fa\u00e7ade.", "The Breakwater - This streamline modern hotel from 1939 features one of Ocean Drive''s most prominent neon signs. The L-shaped building''s fa\u00e7ade is adorned with horizontal banding and a dramatic curved corner entrance.", "Essex House - This 1938 Henry Hohauser creation features a ziggurat (stepped) roofline and an interior lobby with a restored underwater maritime mural that exemplifies the Art Deco movement''s fascination with travel and transportation."]','2025-05-05 18:55:58.356873','2025-05-05 18:55:58.356873');
INSERT INTO fijalist VALUES(14,'Vinyl Record Hunting in London','Discover London''s vibrant record shop scene through this guided tour of legendary stores, hidden gems, and specialty shops where vinyl enthusiasts can dig for rare pressings, local releases, and every genre imaginable.','https://images.unsplash.com/photo-1483412033650-1015ddeb83d1?ixlib=rb-4.0.3&ixid=MnwxMjA3fDB8MHxwaG90by1wYWdlfHx8fGVufDB8fHx8&auto=format&fit=crop&w=1173&q=80','["Rough Trade East - This massive warehouse space in Brick Lane is the flagship store of the iconic indie label and retailer. Beyond its vast selection spanning all genres, it hosts regular in-store performances from up-and-coming artists and established acts.", "Sounds of the Universe - Founded by the team behind Soul Jazz Records, this Soho institution specializes in global music, with exceptional jazz, soul, reggae, and electronic sections, plus their own exclusive compilations and reissues.", "Flashback Records - With three locations across North and East London, Flashback offers an expertly curated selection of second-hand vinyl spanning rock, jazz, soul, and electronic music, with each store having its own distinct character.", "Phonica Records - The premier destination for dance music enthusiasts, this Soho shop stocks the latest electronic releases with a focus on house, techno, and experimental sounds. DJs and producers frequently stop by to dig through their specialized imports.", "Honest Jon''s - Located on Portobello Road since 1974, this legendary shop is co-owned by Damon Albarn of Blur and Gorillaz. It''s renowned for its exceptional selection of jazz, blues, reggae, and global sounds, reflecting the diverse West London community.", "Sister Ray - A Soho landmark with an extensive selection of new and second-hand vinyl across all genres, particularly strong in alternative, indie, and rock. Their knowledgeable staff are always ready with recommendations.", "LuLu Records - This hidden gem in Hackney specializes in rare groove, soul, funk, and jazz, with a carefully curated selection of quality over quantity. The passionate owner is always willing to share stories about the records."]','2025-05-05 18:55:58.357225','2025-05-05 18:55:58.357225');
INSERT INTO fijalist VALUES(15,'Geological Wonders of Utah''s National Parks','Journey through the stunning red rock landscapes of Utah''s ''Mighty Five'' national parks, where millions of years of geological processes have created some of Earth''s most spectacular natural formations.','https://d19lgisewk9l6l.cloudfront.net/assetbank/North_Window_Arches_National_Park_in_Utah_306122.jpg','["Delicate Arch, Arches National Park - This freestanding 52-foot arch has become Utah''s unofficial symbol. Formed through a combination of freeze-thaw cycles and erosion that removed surrounding sandstone, leaving this remarkable remnant of a fin from the Entrada Sandstone formation.", "Landscape Arch, Arches National Park - With a span of 306 feet, this is one of the longest natural stone arches in the world. Its precarious, thin ribbon of sandstone demonstrates the ongoing erosional processes that will eventually cause its collapse.", "The Narrows, Zion National Park - This iconic slot canyon features walls up to 1,000 feet tall and as narrow as 20 feet across. The Virgin River continues to carve this corridor deeper through the sandstone, a process that has taken millions of years.", "Bryce Canyon Amphitheater, Bryce Canyon National Park - This natural amphitheater contains the highest concentration of hoodoos (irregular columns of rock) on Earth. These formations result from frost wedging and rain dissolution of the Claron Formation limestone.", "Mesa Arch, Canyonlands National Park - This pothole arch along the Island in the Sky mesa edge frames a breathtaking view of the canyons below. At sunrise, the underside glows brilliantly orange from reflected light, making it a photographer''s dream.", "Capitol Dome, Capitol Reef National Park - This massive white sandstone formation resembles the U.S. Capitol building and is part of the Waterpocket Fold, a 100-mile monocline (a step-like fold in rock layers) formed during the same mountain-building event that created the Rocky Mountains.", "Thor''s Hammer, Bryce Canyon National Park - This distinctive hoodoo stands alone on the edge of Sunset Point, its top-heavy shape created by differential erosion where a harder capstone protects the softer stone beneath, while adjacent areas erode away faster."]','2025-05-05 18:55:58.357578','2025-05-05 18:55:58.357579');
INSERT INTO fijalist VALUES(16,'Artisanal Chocolate Tour of Paris','Indulge in the exquisite world of French chocolate craftsmanship through this curated journey of Paris''s finest chocolatiers, where traditional techniques meet innovative flavors in the hands of master artisans.','https://encrypted-tbn0.gstatic.com/images?q=tbn:ANd9GcRvpqYPlYA7HyHKZDK9p8mShu9J0u9xD7xmoA&s','["Patrick Roger - This sculptor-turned-chocolatier creates edible art in his minimalist Saint-Germain boutique. Known for his vibrant green packaging and avant-garde window displays, Roger''s signature creations include herb-infused ganaches and caramels with Amazonian ingredients.", "Jacques Genin - In his elegant Marais atelier, Genin crafts exquisite chocolates and caramels that Parisians line up for. His fresh mint chocolate and mango-passion fruit caramels are legendary, and visitors can watch artisans at work in the open kitchen.", "La Maison du Chocolat - Founded by Robert Linxe, ''the sorcerer of ganache,'' this institution offers the quintessential Parisian chocolate experience with elegant boutiques across the city. Their signature ganaches reach perfect texture through a proprietary aging process.", "Jean-Paul H\u00e9vin - This Meilleur Ouvrier de France (a prestigious craftsman title) operates a chocolate boutique and caf\u00e9 on Rue Saint-Honor\u00e9 where his signature chocolate-covered macarons and innovative savory cocoa creations showcase his boundless creativity.", "Alain Ducasse Manufacture - The celebrated chef''s bean-to-bar workshop in the Bastille neighborhood has revived traditional chocolate making techniques. Visitors can observe the entire process from roasting to molding through large windows into the workshop.", "\u00c0 la M\u00e8re de Famille - Paris''s oldest chocolate shop (established 1761) retains its vintage charm with original wooden counters and tin boxes. Their house specialty is chocolate-covered candied orange peel made from a recipe unchanged for over a century.", "Pierre Herm\u00e9 - While famous for macarons, Herm\u00e9''s chocolate creations deserve equal recognition. His signature Infiniment Chocolat collection features single-origin chocolates from specific plantations, showcasing distinct flavor profiles."]','2025-05-05 18:55:58.357930','2025-05-05 18:55:58.357930');
INSERT INTO fijalist VALUES(17,'Ancient Engineering Marvels of Rome','Explore the remarkable architectural and engineering achievements of ancient Rome that have withstood the test of time, demonstrating the ingenuity, technical skill, and enduring legacy of Roman builders.','https://images.unsplash.com/photo-1552832230-c0197dd311b5?ixlib=rb-4.0.3&ixid=MnwxMjA3fDB8MHxwaG90by1wYWdlfHx8fGVufDB8fHx8&auto=format&fit=crop&w=1096&q=80','["Colosseum - This massive amphitheater completed in 80 CE could hold up to 80,000 spectators and featured innovative engineering solutions including a complex system of underground chambers, elevators, and an awning system (velarium) to shield spectators from the sun.", "Pantheon - Nearly 2,000 years after its construction, the Pantheon''s unreinforced concrete dome (142 feet in diameter) remains the world''s largest. Its perfect proportions, innovative use of coffers to reduce weight, and oculus demonstrate the Romans'' mastery of architectural engineering.", "Pont du Gard, N\u00eemes - This three-tiered aqueduct bridge in southern France stands 160 feet high and carried water over 30 miles to N\u00eemes. The massive blocks fit together without mortar through precise stonecutting and the ingenious use of Lewis holes for lifting.", "Cloaca Maxima - One of the world''s earliest sewage systems, this underground channel constructed in the 6th century BCE still functions today. The innovative use of the arch in its design allowed it to bear the weight of the growing city above.", "Via Appia (Appian Way) - The first and most strategically important Roman road, constructed in 312 BCE, pioneered engineering techniques that would be used throughout the empire. Its multi-layered design with compacted aggregate beneath large paving stones ensured durability.", "Roman Baths of Caracalla - These massive public bathhouses demonstrated the Romans'' sophisticated understanding of hydraulics, heating, and insulation. The complex hypocaust system circulated hot air through hollow walls and under raised floors to heat the various chambers.", "Trajan''s Market - Often considered the world''s first shopping mall, this multi-level commercial complex featured innovative use of concrete, barrel vaults, and hemicycle designs to create functional urban spaces that would influence architecture for centuries."]','2025-05-05 18:55:58.358292','2025-05-05 18:55:58.358293');
INSERT INTO fijalist VALUES(18,'Epicurean Adventure in Singapore''s Hawker Centers','Embark on a culinary journey through Singapore''s UNESCO-recognized hawker culture, where diverse ethnic influences create a unique food scene offering world-class cuisine at affordable prices in communal dining settings.','https://wanderthemap.com/wp-content/uploads/2020/04/Adventures_in_Singapore_06.jpg','["Maxwell Food Centre - Home to the famous Tian Tian Hainanese Chicken Rice (endorsed by Anthony Bourdain), this hawker center near Chinatown houses over 100 stalls including other standouts like Amoy Street Rojak and Maxwell Fuzhou Oyster Cake.", "Old Airport Road Food Centre - This massive hawker center in Geylang is considered by many locals to serve the best traditional dishes. Don''t miss the legendary Soya Beancurd from Lao Ban, satay from Chuan Kee, or fried kway teow from Dong Ji.", "Chinatown Complex Food Centre - Singapore''s largest hawker center with over 260 stalls, including the world''s cheapest Michelin-starred meal at Hong Kong Soya Sauce Chicken Rice and Noodle. The complex also houses excellent craft beer stalls to accompany your meal.", "Tekka Centre - Located in Little India, this vibrant market offers the best Indian and Malay cuisine including outstanding murtabak (stuffed pancake), biryani, and thosai. The wet market downstairs provides insight into Singapore''s fresh food supply chain.", "Tiong Bahru Market - This gentrified neighborhood''s two-story hawker center combines a traditional wet market with an upstairs food center featuring famous stalls like Jian Bo Shui Kueh (steamed rice cakes) and Tiong Bahru Hainanese Boneless Chicken Rice.", "East Coast Lagoon Food Village - This beachside hawker center offers the perfect setting for enjoying Singapore''s famous chili crab and other seafood dishes. Cooling sea breezes complement the fiery sambal stingray from Haron Satay.", "Chomp Chomp Food Centre - This evening-only hawker center in Serangoon Gardens is worth the trip for its outstanding hokkien mee, barbecue stingray, and satay. The smaller size creates an intimate atmosphere where you can watch flames leaping from woks."]','2025-05-05 18:55:58.358646','2025-05-05 18:55:58.358646');
INSERT INTO fijalist VALUES(19,'Nordic Noir Filming Locations in Scandinavia','Experience the atmospheric settings that bring Scandinavian crime dramas to life through this tour of iconic filming locations from popular Nordic Noir television series and films across Denmark, Sweden, and Norway.','https://www.dailyscandinavian.com/wp-content/uploads/2022/08/180822-nordic-noir-f-i-michael-fousert-unsplash.jpg','["\u00d8resund Bridge, Copenhagen/Malm\u00f6 - The iconic 5-mile bridge-tunnel connecting Denmark and Sweden serves as both the literal and symbolic centerpiece of ''The Bridge'' series, where a body is found exactly on the border between the two countries.", "Christiansborg Palace, Copenhagen - The stunning neo-baroque palace houses the Danish Parliament and provides the political backdrop for ''Borgen,'' with many exterior and some interior scenes filmed at the actual government building.", "S\u00f6dermalm, Stockholm - This formerly working-class island district is home to Mikael Blomkvist''s apartment in ''The Girl with the Dragon Tattoo,'' along with many locations from the Millennium trilogy including Kvarnen, the bar where Lisbeth Salander socializes.", "Ystad, Sweden - This medieval town serves as the primary setting for the Kurt Wallander series, with the detective''s apartment located on Mariagatan. The town''s police station, town square, and surrounding Sk\u00e5ne countryside feature prominently in both Swedish and British adaptations.", "Oslo Opera House, Norway - The striking contemporary architecture of this marble and glass structure appears in ''Occupied'' and provides a dramatic contrast to the traditionally dark and brooding Nordic Noir aesthetic.", "Bryggen Wharf, Bergen - The UNESCO-listed colorful wooden buildings of Bergen''s old wharf district feature in several episodes of ''Wisting'' and provide a picturesque yet somehow menacing backdrop typical of the genre.", "V\u00e4sterbron Bridge, Stockholm - This distinctive green arch bridge appears in pivotal scenes from ''The Girl Who Played with Fire'' and offers sweeping views of Stockholm that capture the city''s blend of natural beauty and urban sophistication."]','2025-05-05 18:55:58.358990','2025-05-05 18:55:58.358990');
INSERT INTO fijalist VALUES(20,'Indigenous Art Trail of Australia''s Northern Territory','Journey through the world''s oldest continuing cultural tradition via this curated exploration of Aboriginal art centers, ancient rock art sites, and contemporary galleries showcasing the diverse artistic expressions of Australia''s First Nations peoples.','https://uluru.gov.au/static/f25673a4ab6f47a4979446f14286cb10/e7735/uktnp-inline-image-cultural-centre-picnic-area.jpg','["Ulu\u1e5fu-Kata Tju\u1e6fa Cultural Centre - Begin your journey at this center near Uluru (Ayers Rock) where A\u1e49angu artists demonstrate traditional dot painting techniques and explain the meaning behind symbols used in their art that convey Tjukurpa (ancestral stories).", "Museum and Art Gallery of the Northern Territory, Darwin - The annual Telstra National Aboriginal & Torres Strait Islander Art Awards exhibition showcases the diversity of contemporary Indigenous art, from traditional bark paintings to cutting-edge multimedia works.", "Injalak Arts, Gunbalanya - This Aboriginal-owned art center in Western Arnhem Land allows visitors to watch artists create intricate cross-hatched paintings depicting Dreamtime stories and traditional X-ray style art on bark and paper.", "Ubirr Rock Art Site, Kakadu National Park - These ancient galleries contain rock paintings dating back up to 20,000 years, including the famous ''Mimi spirits'' and X-ray paintings of animals that demonstrate the world''s oldest continuous artistic tradition.", "Tiwi Design, Bathurst Island - Take a ferry to the Tiwi Islands to visit this cooperative where artists create distinctive geometric patterns on textiles, ceramics, and traditional burial poles (tutini) using bright, contemporary colors.", "Maruku Arts, Yulara - This artist collective owned by A\u1e49angu people from the Central and Western deserts specializes in wood carvings (punu) and traditional burned-design work alongside paintings, with master artists offering workshops for visitors.", "Nyinkka Nyunyu Art and Culture Centre, Tennant Creek - This Warumungu-owned cultural center in the Barkly region showcases art that tells stories of the Jukurrpa (Dreamtime) specific to the region, with exhibitions explaining the cultural context of creation stories."]','2025-05-05 18:55:58.359334','2025-05-05 18:55:58.359335');
INSERT INTO fijalist VALUES(21,'Wes Anderson-esque Locations in New Orleans','Explore perfectly symmetrical, whimsically decorated, and color-coordinated locations that would fit perfectly in a Wes Anderson film, from historical buildings with pastel facades to meticulously designed interiors with vintage touches.','https://ik.imgkit.net/3vlqs5axxjf/external/https://media.iceportal.com/109166/photos/78931195_XL.jpg?tr=w-1200%2Cfo-auto','["The Eliza Jane Hotel - This boutique hotel occupies what was once the Daily Picayune newspaper headquarters, with symmetrical architecture, jewel-toned furnishings, and brass fixtures arranged with meticulous precision in a manner that evokes The Grand Budapest Hotel''s aesthetic.", "Brennan''s Restaurant - The vibrant pink exterior and perfectly arranged dining rooms with their distinct color palettes (the green Chanteclair Room, the red Rooster Room) showcase the kind of bold color blocking and immaculate composition that would make Wes Anderson proud.", "The Pharmacy Museum - Step into this time capsule with its floor-to-ceiling wooden cabinets filled with perfectly aligned antique medicine bottles, arranged with the kind of obsessive symmetry and attention to detail found in Anderson''s fictional worlds.", "Hotel Monteleone - The rotating Carousel Bar features a meticulously preserved 1940s merry-go-round centerpiece with ornate details and perfectly spaced lighting that creates the whimsical nostalgia of Moonrise Kingdom or The Life Aquatic.", "Napoleon House - The weathered patina of this 200-year-old landmark with its symmetrical fa\u00e7ade, faded green shutters, and perfectly composed courtyard looks like it was designed as the setting for one of Anderson''s signature tracking shots.", "St. Louis Cathedral - The triple spires and perfectly centered rose window of this historic church represent the kind of architectural symmetry and visual balance that Anderson frequently employs in his establishing shots.", "The Columns Hotel - This Garden District mansion features a dramatically symmetrical fa\u00e7ade with evenly spaced Corinthian columns, a center staircase, and interiors with vintage-styled furnishings arranged with the kind of precision that defines Anderson''s aesthetic."]','2025-05-05 18:55:58.359690','2025-05-05 18:55:58.359690');
INSERT INTO fijalist VALUES(22,'Midnight in Paris Moments in San Francisco','Experience the romantic, timeless magic of San Francisco through locations that transport you to another era, evoking the nostalgic charm and enchantment of Woody Allen''s ''Midnight in Paris'' with historic cafés, hidden gardens, and lamp-lit streets.','https://images.unsplash.com/photo-1501594907352-04cda38ebc29?ixlib=rb-4.0.3&ixid=MnwxMjA3fDB8MHxwaG90by1wYWdlfHx8fGVufDB8fHx8&auto=format&fit=crop&w=1332&q=80','["Caf\u00e9 Zoetrope - Tucked in the distinctive flatiron Sentinel Building owned by Francis Ford Coppola, this European-style caf\u00e9 features vintage movie memorabilia, traditional Italian espresso, and the kind of timeless ambiance where you half-expect to see Hemingway at the next table.", "The Palace of Fine Arts - This Beaux-Arts masterpiece with its illuminated rotunda and reflecting lagoon takes on an ethereal quality at night, creating a dreamlike setting reminiscent of Paris''s Trocad\u00e9ro Gardens, perfect for a romantic midnight stroll.", "Tosca Cafe - This century-old North Beach institution with its red leather booths, vintage jukebox, and old-world Italian charm has hosted generations of artists and bohemians, creating the perfect atmosphere for a nostalgic journey into San Francisco''s past.", "Shakespeare Garden in Golden Gate Park - This secluded garden featuring plants mentioned in Shakespeare''s works offers a timeless retreat with brick pathways and wooden benches that feels like stepping into a different era, especially when shrouded in San Francisco''s atmospheric fog.", "Nob Hill at Night - Walking Nob Hill''s lamp-lit streets past the majestic facades of historic hotels like the Mark Hopkins and Fairmont creates a cinematic experience with the cable cars clanging by, particularly magical when the fog rolls in, creating halos around the streetlights.", "The Interval at Long Now - This bar/caf\u00e9 inside Fort Mason houses artifacts from different time periods, antique clocks, and an atmosphere that blends past and future, creating the perfect setting for contemplating the passage of time over a handcrafted cocktail.", "Japanese Tea Garden at Dusk - The oldest public Japanese garden in America transforms into a magical realm as the paper lanterns illuminate the traditional structures, creating reflections in the koi ponds that feel like a portal to another time and place."]','2025-05-05 18:55:58.360039','2025-05-05 18:55:58.360040');
INSERT INTO fijalist VALUES(23,'Studio Ghibli Moments in Portland, Oregon','Discover whimsical, magical settings in Portland that evoke the enchanting worlds of Hayao Miyazaki''s animations, from lush forest gardens with hidden spirits to quaint teahouses and mystical bookshops that capture the wonder and imagination of Studio Ghibli films.','https://dynamic-media-cdn.tripadvisor.com/media/photo-o/0f/a3/65/fb/the-snow-viewing-lantern.jpg?w=1200&h=-1&s=1','["Portland Japanese Garden - The magical forests in ''Princess Mononoke'' and ''My Neighbor Totoro'' come to life in this authentic Japanese garden, where moss-covered stone lanterns and winding paths through towering pines create a realm where forest spirits might lurk just out of sight.", "Lan Su Chinese Garden - The ancient wooden pavilions overlooking tranquil koi ponds feel straight out of ''Spirited Away,'' especially during the annual Autumn Moon Festival when paper lanterns illuminate the water features, creating an otherworldly glow.", "Powell''s City of Books - This labyrinthine bookstore with its color-coded rooms and hidden corners evokes the magical library from ''Whisper of the Heart,'' where each turn might lead to a dusty tome containing forgotten magic or a portal to another world.", "Cathedral Park - The graceful arches underneath St. Johns Bridge create a cathedral-like atmosphere similar to the abandoned train stations and mysterious tunnels that appear throughout Ghibli films, especially when mist rises from the Willamette River below.", "Forest Park - The 5,200-acre woodland contains over 80 miles of trails where moss-draped trees and fern-covered hillsides create settings reminiscent of the sacred forests in ''Princess Mononoke,'' complete with bubbling streams and the occasional deer sighting.", "Toji Tea House - This traditional Japanese teahouse serves matcha and wagashi sweets in handmade ceramics, creating an experience similar to the magical transformations that food represents in films like ''Spirited Away,'' where each cup tells a story.", "Dragon Boats at Tom McCall Waterfront Park - The elaborately decorated dragon boats on the Willamette River, especially during the annual Dragon Boat Festival, recall the dragon spirit Haku from ''Spirited Away'' in his magnificent flying form."]','2025-05-05 18:55:58.360385','2025-05-05 18:55:58.360386');
INSERT INTO fijalist VALUES(24,'Urban Jungle Expeditions in Singapore','Explore the harmonious blend of metropolis and nature in Singapore, where innovative architecture incorporates lush greenery, creating breathtaking vertical gardens, canopy walks, and hidden natural oases amidst one of the world''s most densely populated urban environments.','https://images.unsplash.com/photo-1525625293386-3f8f99389edd?ixlib=rb-4.0.3&ixid=MnwxMjA3fDB8MHxwaG90by1wYWdlfHx8fGVufDB8fHx8&auto=format&fit=crop&w=1252&q=80','["Gardens by the Bay - These futuristic Supertrees rising up to 16 stories high are vertical gardens covered with over 162,900 plants from more than 200 species, connected by aerial walkways that allow visitors to experience the jungle canopy in the heart of the city.", "PARKROYAL on Pickering Hotel - This extraordinary ''hotel-in-a-garden'' features 15,000 square meters of sky gardens, reflecting pools, waterfalls, and terraced green spaces that cascade down the building''s fa\u00e7ade, creating a lush habitat for birds and insects.", "Fort Canning Park - Hidden behind the bustling shopping district lies this historic hilltop park where ancient artifacts have been discovered amidst banyan trees and spice gardens, offering a journey through Singapore''s natural and cultural history.", "Hort Park - This gardening and recreational hub serves as a ''living laboratory'' where you can explore experimental gardens, butterfly habitats, and therapeutic gardens showcasing how urban spaces can be transformed into ecological sanctuaries.", "Southern Ridges - This 10-kilometer trail connects multiple parks via the spectacular Henderson Waves Bridge, suspended 36 meters above the forest floor, providing a unique perspective of the jungle canopy with the city skyline as backdrop.", "The TreeTop Walk at MacRitchie Reservoir - This 250-meter aerial free-standing suspension bridge provides a rare opportunity to observe rainforest life from above, where you might spot flying lemurs, long-tailed macaques, and colorful birds at eye level.", "Jewel Changi Airport - Home to the world''s tallest indoor waterfall (40 meters) surrounded by a terraced forest with over 2,000 trees and 100,000 shrubs from around the globe, this is perhaps the world''s most spectacular airport terminal."]','2025-05-05 18:55:58.360740','2025-05-05 18:55:58.360740');
INSERT INTO fijalist VALUES(25,'Rainy Day Retreats in Seattle','Embrace Seattle''s famous precipitation with this curated collection of cozy, inviting spaces perfect for drizzly Pacific Northwest days, from steam-windowed cafés and independent bookstores to museums and indoor gardens where rain transforms the experience rather than diminishing it.','https://www.emeraldpalate.com/wp-content/uploads/2025/04/Things-to-Do-on-a-Rainy-Day-in-Seattle-HERO.jpg','["Elliott Bay Book Company - This Capitol Hill institution houses over 150,000 titles on cedar shelves under timber beams, with hidden reading nooks where you can lose yourself in literature while raindrops create a soothing soundtrack on the skylights above.", "Volunteer Park Conservatory - The Victorian glass and cast-iron greenhouse becomes especially magical during rainfall, as thousands of exotic plants thrive in the humidity while raindrops create mesmerizing patterns on the greenhouse glass panels.", "Storyville Coffee at Pike Place - Perched above the historic market, this cozy space offers oversized leather chairs positioned perfectly to watch raindrops dance across Elliott Bay through massive windows while sipping their signature caramel apple cider.", "Seattle Art Museum - The sound-dampening galleries take on a meditative quality during rainfall, particularly the Northwestern Native American exhibits where the carved wooden artifacts and rainfall resonance echo the region''s deep connection to water.", "Sip House - This Vietnamese tea house offers private nooks with floor-to-ceiling windows where you can watch the rain transform the International District into a glistening canvas while enjoying rare teas served in traditional ceremony.", "Seattle Central Library - Rem Koolhaas''s architectural marvel transforms rain into art, as water streams down the geometric glass exterior creating ever-changing patterns while you explore the ten floors of literary treasures inside.", "Cloudburst Brewing - This microbrewery''s tasting room features floor-to-ceiling windows where you can watch the rainfall while sampling aptly-named brews like ''Happy Little Clouds'' or ''Rainy Day IPA'' in a space that celebrates rather than shields from Seattle''s characteristic weather."]','2025-05-05 18:55:58.361078','2025-05-05 18:55:58.361078');
INSERT INTO fijalist VALUES(26,'Cinematic Sunsets in Santorini','Witness nature''s most spectacular daily show from Santorini''s best vantage points, where the setting sun transforms the Aegean Sea and the island''s iconic white buildings into a canvas of gold, pink and purple hues, creating moments of breathtaking beauty worthy of the silver screen.','https://images.unsplash.com/photo-1570077188670-e3a8d69ac5ff?ixlib=rb-4.0.3&ixid=MnwxMjA3fDB8MHxwaG90by1wYWdlfHx8fGVufDB8fHx8&auto=format&fit=crop&w=1074&q=80','["Oia Castle Ruins - The medieval fortress ruins at the northern tip of Santorini provide the island''s most famous sunset view, where the sun appears to melt into the Aegean Sea, illuminating the white-washed buildings and blue domes in shades of gold and amber.", "Skaros Rock, Imerovigli - This dramatic promontory jutting into the caldera offers a more secluded sunset experience, where the 15-minute hike rewards you with 360-degree views of the sun setting behind neighboring islands while painting the volcanic cliffs in otherworldly hues.", "Santo Wines Terrace - Perched on the caldera''s edge near Pyrgos, this winery''s multi-level terraces allow you to savor local volcanic-soil wines while watching the sun descend behind Thirasia island, casting long shadows across the terraced vineyards below.", "Akrotiri Lighthouse - Standing at the southwestern tip of the island, this 19th-century lighthouse offers unobstructed views of the sun setting over the open Aegean, with fewer crowds than Oia and dramatic angles of light playing across the stark volcanic landscape.", "Amoudi Bay - Descend 300 steps below Oia to this small fishing harbor where the sunset bathes the red volcanic cliffs in complementary orange light while casting the traditional fishing boats in silhouette against the glittering sea.", "Prophet Elias Monastery - At the highest point of Santorini (565 meters), this 18th-century monastery provides a unique sunset perspective looking down upon the entire island as the changing light transforms the patchwork of villages, vineyards, and volcanic terrain.", "Fira to Oia Hiking Trail - The portion of this scenic trail near Imerovigli offers numerous unofficial viewpoints where you can find a private perch on the caldera''s edge to witness the sunset illuminate the white villages cascading down the volcanic cliffs."]','2025-05-05 18:55:58.361392','2025-05-05 18:55:58.361392');
INSERT INTO fijalist VALUES(27,'The Life Aquatic in Monterey Bay','Dive into the spectacular marine world of Monterey Bay, where the protected waters of this ecological treasure house harbor an extraordinary diversity of sea life, from playful sea otters and magnificent whales to vibrant tide pools and world-class aquarium exhibits.','https://www.montereybayaquarium.org/globalassets/mba/images/exhibits/kelp-forest/kelp-forest-rw16-316-1.jpg','["Monterey Bay Aquarium - The crown jewel of marine education features a three-story kelp forest tank, mesmerizing jellyfish exhibitions, and the Open Sea exhibit where tuna and sea turtles glide above your head, all housed in a converted sardine cannery on historic Cannery Row.", "Point Lobos State Natural Reserve - Called ''the greatest meeting of land and water in the world'' by landscape artist Francis McComas, the protected coves here offer spectacular tide pooling where you can spot sea stars, anemones, and octopuses in their natural habitat.", "Moss Landing Wildlife Area - The heart of the Elkhorn Slough estuary provides the best opportunity to observe wild sea otters up close as they wrap themselves in kelp and float on their backs, often using rocks to crack open shellfish on their chests.", "Monterey Submarine Canyon Whale Watching - The underwater canyon that rivals the Grand Canyon in size creates perfect conditions for observing humpbacks, blue whales, orcas, and dolphins year-round, with expert naturalists explaining the complex marine ecosystem.", "Lovers Point Park and Beach - This protected cove in Pacific Grove offers calm, crystal-clear waters perfect for snorkeling among the kelp forests where bright orange garibaldi fish, harbor seals, and sea lions are common sightings.", "Monterey Bay Coastal Recreation Trail - This scenic 18-mile waterfront path follows the former Southern Pacific Railroad right-of-way, offering countless viewpoints to spot sea otters, harbor seals, and sea lions lounging on the rocks below.", "Phil''s Fish Market in Moss Landing - This legendary seafood shack sits right on the working harbor where you can watch fishing boats unload their sustainable catch while enjoying what the ''Today Show'' called ''the best cioppino in the country.''"]','2025-05-05 18:55:58.361708','2025-05-05 18:55:58.361709');
INSERT INTO fijalist VALUES(28,'Vintage Vinyl Vibes in Nashville','Journey through Nashville''s nostalgic musical landscape with this tour of record stores, listening rooms, and vintage-inspired venues that celebrate the warm, authentic sound of vinyl and the retro aesthetics that accompany classic album culture.','https://charlestonmag.com/sites/default/files/Continental_10682_0.jpg','["Grimey''s New & Preloved Music - This Nashville institution housed in a former 1930s auto repair shop features wooden crates packed with carefully curated vinyl spanning all genres, regular in-store performances, and knowledgeable staff who can help track down obscure pressings.", "The Groove - Located in a converted Victorian house in East Nashville, this indie record store features rooms organized by genre, a listening station built into an old phone booth, and a collection of local artists'' limited pressings unavailable elsewhere.", "Third Man Records - Jack White''s combination record store, novelty lounge, and recording studio features a vintage vinyl recording booth where you can record your own voice directly to a 6-inch vinyl record using 1947 technology.", "Vinyl Tap - This unique concept combines a record store with a craft beer bar, allowing you to sip local brews while flipping through crates of vinyl, all in a space decorated with vintage audio equipment and album art.", "Carter Vintage Guitars - Beyond guitars, this music lover''s paradise houses a collection of vintage record players, from pristine mid-century console setups to portable suitcase models, often alongside the original vinyl that would have played on them.", "Fond Object Records - This Riverside Village shop operates as a combination record store, performance space, and vintage boutique where you can find both classic vinyl and period-appropriate vintage clothing to match the era of your musical discoveries.", "The 5 Spot - This East Nashville institution hosts Motown Mondays, where DJs spin exclusively original vinyl pressings of classic soul and R&B while patrons dance on the checkered floor beneath vintage theater lighting."]','2025-05-05 18:55:58.362136','2025-05-05 18:55:58.362137');
INSERT INTO fijalist VALUES(29,'Hipster''s Paradise in Brooklyn','Explore Brooklyn''s most authentically cool neighborhoods through this collection of artisanal coffee shops, vinyl record stores, craft breweries, and underground venues that showcase the borough''s creative energy, from Williamsburg''s converted warehouses to Bushwick''s street art galleries.','https://images.unsplash.com/photo-1555396273-367ea4eb4db5?ixlib=rb-4.0.3&ixid=MnwxMjA3fDB8MHxwaG90by1wYWdlfHx8fGVufDB8fHx8&auto=format&fit=crop&w=1074&q=80','["Rough Trade NYC - This massive Williamsburg record store houses over 10,000 vinyl records alongside a performance space where up-and-coming bands play intimate shows, plus a rare book section and vintage pinball machines in the back.", "Brooklyn Brewery - Tour this pioneering craft brewery in a converted matzo ball factory where you can sample experimental small-batch brews available nowhere else while sitting at communal tables made from salvaged bowling alley lanes.", "Peter Pan Donut & Pastry Shop - This Greenpoint institution has maintained its 1950s aesthetic while serving old-school donuts to a devoted following that includes both longtime neighborhood residents and newcomers willing to brave the weekend lines.", "House of Yes - Part nightclub, part performance art space, this converted Bushwick warehouse hosts themed dance parties with aerial performers, immersive art installations, and a crowd dressed in creative costumes that blur the line between audience and performer.", "The City Reliquary - This tiny museum in Williamsburg displays quirky artifacts from New York City''s history, including vintage subway tokens, fragments of landmark buildings, and rotating exhibits celebrating local oddities and forgotten stories.", "Brooklyn Flea - Held in DUMBO beneath the Manhattan Bridge, this carefully curated vintage market features sellers offering everything from mid-century furniture and vinyl records to antique maps and retro clothing from every decade.", "Barcade - The original arcade bar concept combines vintage 1980s arcade games with craft beers in a Williamsburg warehouse space where high scores are still tracked on paper leaderboards and quarters line the arcade cabinets."]','2025-05-05 18:55:58.362612','2025-05-05 18:55:58.362613');
INSERT INTO fijalist VALUES(30,'Marilyn Monroe''s Top Moments in NYC','Explore the iconic Manhattan locations that shaped Marilyn Monroe''s legacy, from her legendary subway grate scene to the glamorous hotels and theaters that witnessed her transformation from aspiring model to Hollywood legend in the city that never sleeps.','https://encrypted-tbn0.gstatic.com/images?q=tbn:ANd9GcQgkduYmMWEvYgsERwroQLo8m3o3hNuC0Ou_g&s','["The Iconic Subway Grate (Lexington Avenue & 52nd Street) - Stand on the exact spot where the most recognizable image in film history was captured on September 15, 1954, when Marilyn''s white dress billowed up during filming of ''The Seven Year Itch,'' creating an image that would define her legacy forever.", "The Ambassador Hotel (former site at 51st & Park Avenue) - This elegant accommodation was Marilyn''s home during her early modeling days in the late 1940s, where she stayed while taking acting classes and posing for her first magazine covers before Hollywood fame struck.", "Radio City Music Hall (1260 6th Avenue) - In 1953, Monroe attended the premiere of ''Gentlemen Prefer Blondes'' at this Art Deco masterpiece, stepping out of her limousine to the flashbulbs of hundreds of photographers in what became one of her first major public appearances as a star.", "The Actor''s Studio (432 West 44th Street) - After establishing herself as a sex symbol, Marilyn studied method acting here under Lee Strasberg from 1955-1960, determined to be taken seriously as an actress and often seen hurrying through the streets of Hell''s Kitchen to make her classes.", "St. Regis Hotel (2 East 55th Street) - Monroe and her husband Joe DiMaggio stayed in this luxury hotel during their brief marriage, and it was here they returned after filming the famous subway grate scene, leading to a heated argument that contributed to their divorce.", "Loew''s State Theatre (former site at 1540 Broadway) - The glamorous premiere of ''The Seven Year Itch'' was held here in June 1955, with Monroe arriving in a gold lam\u00e9 dress that caused near riots among the gathered crowds hoping to catch a glimpse of the star.", "Elizabeth Arden Red Door Salon (691 Fifth Avenue) - This exclusive beauty salon was where Marilyn underwent her famous transformation from brunette Norma Jeane to the platinum blonde Marilyn, a process that reportedly took 12 hours to achieve the perfect shade."]','2025-05-05 18:55:58.363136','2025-05-05 18:55:58.363136');
INSERT INTO fijalist VALUES(31,'Introverts'' Paradise in Toronto','Discover tranquil, low-stimulation spaces across Toronto that offer peaceful retreats for those who cherish solitude, quiet contemplation, and meaningful experiences without the overwhelm of crowds and social pressure.','https://www.toronto.ca/wp-content/uploads/2024/02/8dc8-allan-gardens-conservatory-palm-house-outside.jpg','["Allan Gardens Conservatory (160 Gerrard St E) - This Victorian-era glass dome houses a botanical sanctuary where you can wander alone among tropical plants and seasonal flower shows, finding solitude on a bench beside trickling fountains with a book\u2014all without the pressure of conversation.", "The Quiet Library at Hart House (7 Hart House Circle) - Tucked away within the University of Toronto campus, this wood-paneled reading room with leaded glass windows offers deep leather armchairs beside stone fireplaces where you can read, think, or simply enjoy the contemplative silence.", "Toronto Reference Library''s Fifth Floor (789 Yonge St) - The top level of this architectural marvel features secluded study nooks with panoramic views of the city, where the ambient white noise of pages turning creates the perfect atmosphere for introverted souls seeking productive solitude.", "High Park''s Hidden Trails (1873 Bloor St W) - Beyond the popular areas, numerous unmarked paths lead to secluded glades and quiet ponds where you can forest bathe in total peace, often going hours without encountering another person despite being in Canada''s largest city.", "Riverdale Farm East Path (201 Winchester St) - This lesser-known walking trail behind the popular urban farm offers a quiet escape with benches facing the Don Valley, perfect for watching the seasons change while journaling or simply being present without social expectations.", "Type Books on Queen Street (883 Queen St W) - This independent bookstore provides the perfect browsing experience for bookish introverts with its thoughtfully curated collection, minimal background music, and staff who respect your need to explore shelves undisturbed.", "Rooster Coffee House Upstairs Nook (479 Broadview Ave) - The secret second-floor window seat in this cozy caf\u00e9 offers stunning views over Riverdale Park while allowing you to people-watch from a safe distance, perfectly positioned to feel connected to the city''s energy without direct engagement."]','2025-05-05 18:55:58.363851','2025-05-05 18:55:58.363852');
INSERT INTO fijalist VALUES(32,'Kylie Jenner''s Lip Smacking LA Bites','Experience Los Angeles through the lens of the beauty mogul''s social media-documented food adventures, from exclusive reservation-only restaurants to hidden gem eateries that have received the ultimate Kylie seal of approval on her journey from reality star to billionaire entrepreneur.','https://www.nobuhotels.com/malibu/content/uploads/2024/05/Nobu-Malibu-Dining_Courtesy-of-Nobu-Restaurants-v2.jpg','["Nobu Malibu (22706 Pacific Coast Highway) - This oceanfront Japanese fusion hotspot is a Jenner-Kardashian family staple where Kylie frequently indulges in crispy rice with spicy tuna and miso black cod while documenting sunset ocean views from the exclusive patio tables.", "Jon & Vinny''s (412 N. Fairfax Ave) - The upscale Italian-American eatery where Kylie''s pasta carbonara order became so famous that fans call it ''The Kylie'' when requesting the creamy, perfectly al dente dish that regularly appears in her Instagram stories.", "Escala (8363 Sunset Blvd) - This Korean-fusion restaurant combines Hollywood glamour with innovative cuisine where Kylie hosted her cosmetics team celebration dinner, ordering their signature truffle butter ribeye and 24-karat gold dusted desserts.", "Health Nut (4550 Van Nuys Blvd) - The casual Sherman Oaks spot where Kylie picks up her favorite Chinese chicken salad\u2014made famous by appearances on ''Keeping Up With The Kardashians''\u2014proving even billionaires appreciate straightforward, healthy takeout.", "Craig''s (8826 Melrose Ave) - The West Hollywood celebrity magnet where Kylie celebrates product launches with their famous honey truffle chicken, a dish she''s described in social posts as ''literally life-changing'' and ''worth breaking any diet for.''", "The Nice Guy (401 N La Cienega Blvd) - This exclusive reservation-only lounge serves the spicy fusilli pasta that Kylie declared ''the best pasta in LA'' during her 21st birthday celebration, requiring reservations weeks in advance since her endorsement.", "Malibu Farm (23000 Pacific Coast Highway) - The sustainable farm-to-table restaurant at the end of Malibu Pier where Kylie enjoys brunch with her daughter Stormi, particularly the Swedish mini pancakes with whipped cream that appear frequently in her family content."]','2025-05-05 18:55:58.364402','2025-05-05 18:55:58.364403');
INSERT INTO fijalist VALUES(33,'Cesar Chavez Day Journey in California''s Central Valley','Honor the legacy of the legendary labor leader and civil rights activist through this tour of significant locations in California''s agricultural heartland that shaped his fight for farmworker justice, from historic strike headquarters to the peaceful sanctuary where he found respite from struggle.','https://assets.simpleviewinc.com/simpleview/image/upload/crm/travelsantaana/3.-Cesar-Chavez-Business-and-Computer-Center---Santa-Ana-College_8E1F6C44-5056-A36A-089088FA23D476D6-8e1f5c955056a36_8e1f6f57-5056-a36a-08ea82b96f9f3df9.jpg','["The Forty Acres (30168 Garces Highway, Delano) - This National Historic Landmark served as the original United Farm Workers headquarters where the historic 1965 Delano Grape Strike was organized, featuring the movement''s gas station, health clinic, and Agbayani Village retirement home for Filipino farmworkers.", "La Paz (29700 Woodford-Tehachapi Rd, Keene) - Visit the serene compound in the Tehachapi Mountains where Chavez lived, worked, and is now buried, housing the C\u00e9sar E. Ch\u00e1vez National Monument, his preserved office, and the UFW''s current headquarters within a former tuberculosis sanatorium.", "Filipino Community Hall (1457 Glenwood St, Delano) - This modest building hosted the pivotal September 8, 1965, meeting where Filipino grape workers voted to strike, later joined by Chavez''s predominantly Mexican-American workers, creating the multiethnic alliance that became the UFW.", "St. Mary''s Catholic Church (707 Eleventh Ave, Delano) - The spiritual center of the movement where Chavez attended Mass before undertaking his famous 1968 25-day fast for nonviolence, with Robert Kennedy later joining him here for the breaking of his fast, drawing national attention to La Causa.", "March Route from Delano to Sacramento - Drive portions of the historic 340-mile pilgrimage route that Chavez and farmworkers walked in 1966, culminating in a massive Easter Sunday rally at the State Capitol that dramatically elevated public awareness of the grape boycott.", "Plaza Campesina (900 Street, Fresno) - Explore this urban sanctuary featuring murals depicting farmworker struggles and a bronze statue of Chavez, located in the heart of the agricultural community whose workers continue his fight for fair wages and dignified conditions.", "National Chavez Center (29700 Woodford-Tehachapi Rd, Keene) - This educational center at La Paz preserves Chavez''s legacy through historical exhibits, including his modest bedroom with personal artifacts, showcasing how simplicity and sacrifice defined his lifelong commitment to service."]','2025-05-05 18:55:58.364805','2025-05-05 18:55:58.364805');
INSERT INTO fijalist VALUES(34,'The Originals Does NOLA','Journey through the supernatural side of New Orleans with this tour of locations featured in the hit vampire series ''The Originals,'' exploring the authentic occult shops, historic cemeteries, and atmospheric locations that bring the show''s unique blend of darkness, magic, and immortal intrigue to life.','https://images.squarespace-cdn.com/content/v1/5f29a7457915e016958b5c63/501f9572-03c0-4b03-af20-8c883eaf22ee/Boutique+1_.jpg','["Lafayette Cemetery No. 1 (1427 Washington Ave) - This historic garden district cemetery doubles as the witches'' gathering place in the show, with its distinctive above-ground tombs and moss-draped paths creating the perfect backdrop for magical rituals and supernatural confrontations.", "Napoleon House (500 Chartres St) - The 200-year-old former home of the mayor who offered refuge to Napoleon serves as Rousseau''s bar in the series, where vampires and witches scheme over Sazeracs beneath weathered walls and a patina that genuinely feels centuries old.", "Boutique du Vampyre (709 St. Ann St) - While not featured in the show, this authentic vampire shop near Jackson Square sells genuine occult supplies, custom fangs, and New Orleans voodoo items that would make any fan feel like they''ve stepped into the supernatural French Quarter.", "St. Louis Cathedral (615 Pere Antoine Alley) - The oldest cathedral in North America appears frequently in establishing shots of the series, its dramatic spires looming over Jackson Square just as they do in the show''s representation of the Quarter''s supernatural heart.", "The Buckner Mansion (1410 Jackson Ave) - This imposing Garden District mansion with its cast iron fence and grand columns served as exterior filming location for pivotal scenes, embodying the blend of Southern grandeur and haunting atmosphere that defines the show''s aesthetic.", "Hotel Royal (1006 Royal St) - This historic French Quarter hotel was transformed into Marcel''s vampire headquarters for the show''s pilot episode, its elegant courtyard hosting the memorable party scene that introduced viewers to the vampire society of New Orleans.", "Algiers Point - Cross the Mississippi on the ferry to explore this historic neighborhood that served as the vampire community''s refuge after being exiled from the French Quarter, offering atmospheric streets and a perfect view of the city skyline that features prominently in later seasons."]','2025-05-05 18:55:58.365153','2025-05-05 18:55:58.365153');
INSERT INTO fijalist VALUES(35,'Eat, Pray, Love in Bali','Follow in Elizabeth Gilbert''s transformative footsteps through Bali with this thoughtfully curated collection of spiritual sanctuaries, nourishing food experiences, and healing practitioners that capture the island''s unique ability to transform visitors through its tradition of balance and self-discovery.','https://media-cdn.tripadvisor.com/media/attractions-splice-spp-674x446/07/39/c0/a0.jpg','["Ketut Liyer''s Family Compound (Pengosekan, Ubud) - Visit the home of the late medicine man who played a pivotal role in Gilbert''s journey, where his family continues offering palm readings in the same garden setting, though with less of the international fame that followed the book''s publication.", "Sacred Monkey Forest Sanctuary (Jl. Monkey Forest, Ubud) - Wander the moss-covered ancient temples within this spiritual forest where monkeys roam freely among visitors, representing the delicate balance between human religious spaces and nature that characterizes Balinese Hinduism.", "Goa Gajah ''Elephant Cave'' Temple (Bedulu Village) - Explore this 9th-century meditation site carved into a rock face where Gilbert-inspired seekers can experience the ancient stone bathing pools and meditation caves that have drawn spiritual practitioners for over a millennium.", "Wayan''s Healing Center (Jl. Sukma, Ubud) - Receive traditional Balinese healing from the family of the healer featured in Gilbert''s memoir, combining herbal medicine, energy work, and nutritional guidance that represents the holistic approach to wellness central to Balinese culture.", "Ubud Traditional Art Market (Jl. Raya Ubud) - Browse the same labyrinthine passages of handcrafted goods where Gilbert shopped while settling into her Balinese life, finding everything from ceremonial offerings and incense to hand-carved deities and vibrant batik fabrics.", "Pyramids of Chi (Jl. Kelebang Moding, Ubud) - Experience sound healing inside large pyramid structures where ancient instruments create vibrations that promote deep meditation and release, offering a contemporary spiritual practice that complements Bali''s traditional healing modalities.", "Cafe Wayan (Jl. Monkey Forest, Ubud) - Savor authentic Balinese cuisine at this garden restaurant where Gilbert often dined, with traditional dishes like bebek betutu (slow-cooked duck) and fresh tropical fruits served in a lush garden setting alive with butterflies and flowering plants."]','2025-05-05 18:55:58.365541','2025-05-05 18:55:58.365542');
INSERT INTO fijalist VALUES(36,'Girls Night Out in Miami','Experience the ultimate ladies'' evening in Miami with this curated collection of female-friendly venues offering everything from craft cocktails and Latin-inspired cuisine to rooftop sunset views and late-night dancing, all designed for making memories with your closest friends.','https://vizcaya.org/wp-content/uploads/2021/03/BR7A0673-1536x1024.jpg','["Sugar Rooftop Bar (788 Brickell Plaza) - Begin your evening 40 floors above Miami watching the sunset transform Biscayne Bay into a canvas of pink and orange hues while sipping Asian-inspired cocktails in an elevated garden setting that''s perfect for group photos against the sparkling cityscape.", "Caf\u00e9 La Trova (971 SW 8th St) - Immerse yourselves in Little Havana''s vibrant energy at this James Beard Award-winning venue where classically trained cantineros in bow ties shake daiquiris tableside as live bands perform, creating the perfect backdrop for salsa dancing between small plates.", "Vizcaya Museum & Gardens Night Tour (3251 S Miami Ave) - For a more cultured start, book the exclusive evening access to this Renaissance-style villa where you can explore the moonlit formal gardens and waterfront terrace with champagne in hand\u2014a sophisticated photo opportunity in a historic setting.", "The Drunken Dragon (1424 Alton Rd) - Share Korean BBQ and tiki-inspired cocktails at this speakeasy-style restaurant hidden behind an unmarked convenience store fa\u00e7ade, where tabletop grills and communal seating create the perfect environment for group bonding over interactive dining.", "LIV Nightclub (4441 Collins Ave) - Experience Miami''s legendary nightlife at this high-energy venue where world-class DJs command the dance floor beneath a kaleidoscopic LED ceiling, with VIP table service available for groups seeking a more exclusive experience amid the celebrities and socialites.", "Sweet Liberty (237 20th St) - Unwind in this laid-back but sophisticated cocktail bar that balances fun and refinement with award-winning drinks, a vibrant pink neon aesthetic perfect for social media, and a late-night menu featuring indulgent comfort food ideal for hungry dancers.", "E11EVEN (29 NE 11th St) - Conclude your evening at Miami''s only 24-hour ultraclub where circus-like performances occur above the dance floor and the open-air rooftop provides a welcome breather between sessions of dancing to A-list DJs in this uniquely Miami nightlife institution."]','2025-05-05 18:55:58.365878','2025-05-05 18:55:58.365879');
INSERT INTO fijalist VALUES(37,'Nature Boy in Rocky Mountain National Park','Channel David Bowie''s cosmic connection to the natural world with this collection of transcendent hiking experiences in Colorado''s majestic wilderness, where alpine meadows, crystal-clear lakes, and towering peaks create opportunities for both solitary contemplation and starman-worthy vistas.','https://www.skyblueoverland.com/wp-content/uploads/AdobeStock_511425703-1024x628.jpg','["Sky Pond via Glacier Gorge Trail - Embark on this challenging 9-mile round-trip hike featuring a scramble up a waterfall to reach an otherworldly alpine lake surrounded by sheer granite spires\u2014the perfect setting for cosmic contemplation or belting out ''The Man Who Sold the World.''", "Emerald Lake Trail - Experience a progressive revelation of beauty on this moderate 3.5-mile journey past three stunning lakes, each more vibrant than the last, culminating at Emerald Lake where Hallett Peak creates dramatic reflections worthy of Bowie''s most theatrical personas.", "Longs Peak Keyhole Route - Challenge yourself with this legendary 15-mile round-trip climb to the park''s highest summit at 14,259 feet, requiring pre-dawn starts to avoid afternoon storms and offering the sort of transcendent, above-the-world perspective that inspired ''Space Oddity.''", "Chasm Lake - Journey through diverse ecosystems on this 8.5-mile trek to reach a stunning alpine lake nestled in a cirque directly beneath the Diamond Face of Longs Peak, where the sheer wall rising 2,000 feet above the water''s surface creates a cathedral-like atmosphere perfect for introspection.", "Alpine Ridge Trail at Alpine Visitor Center - Even those with limited hiking experience can embrace their inner Nature Boy on this short but oxygen-starved path climbing to 12,000 feet, with panoramic views of the entire park and interpretive signs explaining the harsh realities of life above treeline.", "Mills Lake - Follow the path of glacial retreat on this moderate 5.3-mile round-trip hike to a lake that perfectly captures mountain reflections with minimal effort, making it ideal for recreating the contemplative mood of ''Heroes'' while remaining accessible to most fitness levels.", "Stargazing at Upper Beaver Meadows - Drive to this open meadow away from light pollution to witness the cosmic display that would have inspired Ziggy Stardust, with the Milky Way clearly visible on moonless nights and meteor showers providing nature''s own light show against the mountain silhouettes."]','2025-05-05 18:55:58.366208','2025-05-05 18:55:58.366209');
INSERT INTO fijalist VALUES(38,'Feeling 22 in NYC','Celebrate your twenty-second year (or channel your inner Taylor Swift) with this collection of quintessential New York City experiences designed for youthful energy and optimism, combining glamorous moments, spontaneous adventures, and memory-making opportunities in the city that never sleeps.','https://encrypted-tbn0.gstatic.com/images?q=tbn:ANd9GcR_7lN0M0tJ14qDJ2nP9wyCvvClpghpIoM8_g&s','["The Edge Observation Deck (30 Hudson Yards) - Feel ''happy, free, confused and lonely'' all at once as you step onto the highest outdoor sky deck in the Western Hemisphere, where the glass floor and angled walls create the illusion of floating 1,131 feet above Manhattan''s glittering grid.", "Sing Sing Karaoke (81 Avenue A) - Embrace the ''miserable and magical'' duality by renting a private room with friends to belt out ''22'' and other Taylor anthems, complete with disco lights and all-night drink service that keeps the party going until 4am.", "Brooklyn Bridge at Dawn - Channel main character energy with an early morning walk across this iconic span when the city is still quiet, timing your crossing to reach the Brooklyn side as sunrise bathes the Manhattan skyline in golden light perfect for silhouette photos.", "The Roller Disco at TWR (Rockefeller Center) - Dress like a hipster and make fun of your exes while roller skating at this rooftop rink featuring retro vibes, neon lights, and skyline views that transform ordinary skating into an only-in-New-York moment.", "Secret Speakeasy Adventure - Embrace both youthful freedom and Prohibition-era glamour by hunting for unmarked speakeasy entrances, from a phone booth inside a hot dog joint (Please Don''t Tell) to a toy store''s secret bookcase (The Back Room), collecting stories to ''tell our children someday.''", "Washington Square Park Piano - Join the spontaneous crowd that often gathers around the public piano where talented strangers perform everything from classical to pop hits, sometimes leading to impromptu dance parties and communal singing as strangers become friends for an evening.", "Sunrise Picnic in Central Park''s Sheep Meadow - Gather friends for early morning bagels and champagne in this spacious field, when the park is peaceful and the rising sun creates the perfect lighting for photos that will remind you of being ''happy, free, confused and lonely at the best of times.''"]','2025-05-05 18:55:58.366545','2025-05-05 18:55:58.366546');
INSERT INTO fijalist VALUES(39,'Black Cat Energy vs. Golden Retriever Energy in Austin','Explore Austin''s dual personality through locations that embody contrasting energies: the mysterious, independent, and sometimes aloof vibe of black cats versus the enthusiastic, friendly, and approachable golden retriever spirit, each offering a unique lens through which to experience the city.','https://media.cntraveler.com/photos/5ab00110be28d60dd24cff95/master/pass/Midnight-cowboy_-Molly-Culver_2018_MidnightCowboy-0001.jpg','["BLACK CAT: Midnight Cowboy (313 E 6th St) - This secretive speakeasy requires reservations and entrance through an unmarked door, serving meticulously crafted cocktails in a dimly lit, intimate setting where conversations remain private and strangers rarely intermingle.", "GOLDEN RETRIEVER: Zilker Park (2100 Barton Springs Rd) - This 350-acre green space pulses with communal energy as strangers strike up conversations while their dogs play together, frisbees are shared among new friends, and spontaneous guitar circles welcome anyone who wants to join.", "BLACK CAT: Monkeywrench Books (110 N Loop Blvd E) - This volunteer-run radical bookstore operates on its own terms with unpredictable hours, specialized anarchist literature, and an environment that rewards those patient enough to decode its systems and rhythms.", "GOLDEN RETRIEVER: Barton Springs Pool (2131 William Barton Dr) - The natural spring-fed swimming hole embodies uninhibited joy as visitors of all ages splash in the consistently 68-degree water, strike up conversations with strangers on the grassy hillside, and form impromptu diving competitions.", "BLACK CAT: The Electric Church (5018 E Cesar Chavez St) - This artist-run music venue showcases experimental sounds in a converted church, drawing a black-clad crowd that appreciates the esoteric and unexpected while maintaining a respectful distance and independence.", "GOLDEN RETRIEVER: Mozart''s Coffee Roasters (3825 Lake Austin Blvd) - The lakeside deck of this cafe encourages lingering and connection as strangers share tables, dogs receive pets from everyone who passes, and spontaneous conversations begin over shared appreciation of the sunset views.", "BLACK CAT: Museum of the Weird (412 E 6th St) - This unconventional collection of oddities, cryptids, and macabre artifacts draws those with curiosity about the darker side of life, allowing for contemplative solo exploration of the strange and unexplained in relative silence."]','2025-05-05 18:55:58.366875','2025-05-05 18:55:58.366875');
INSERT INTO fijalist VALUES(40,'Sunday Morning-esque in Portland, Maine','Embrace the unhurried pleasure of a perfect Sunday morning in Portland, Maine, with this collection of tranquil experiences designed for slow living—from waterfront strolls and artisanal bakeries to independent bookstores and scenic viewpoints that invite contemplation and peace.','https://encrypted-tbn0.gstatic.com/images?q=tbn:ANd9GcTynJr5Ucqn3Z13IKt4U3uTu5YlXUlrUpzYSQ&s','["Tandem Coffee + Bakery (742 Congress St) - Begin your unhurried morning in this converted gas station where the scent of freshly baked cardamom buns and malted chocolate chip cookies mingles with slow-dripped coffee, best enjoyed in the sunshine at picnic tables without rushing.", "Eastern Promenade Trail - Meander along this waterfront path at your own pace, watching sailboats drift across Casco Bay while harbor seals occasionally pop their heads above the surface\u2014the 2-mile trail perfect for contemplative walking without any particular destination in mind.", "Portland Farmers'' Market (Deering Oaks Park) - Wander through Maine''s oldest farmers'' market without a shopping list, allowing yourself to be drawn to whatever looks most beautiful\u2014vibrant produce, artisanal cheeses, or handpicked flowers\u2014all while chatting unhurriedly with local farmers.", "Longfellow Books (1 Monument Way) - Lose track of time in this fiercely independent bookstore where you can browse without intention, perhaps discovering a local author or settling into the window seat to read the first chapter before deciding whether to purchase.", "Harbor Fish Market (9 Custom House Wharf) - Even if you''re not cooking, the sensory experience of this authentic fish market\u2014the gleaming fresh catch displayed on ice, the salty air, the calls of fishmongers\u2014offers a quintessential piece of Maine''s maritime culture best appreciated without hurry.", "Western Promenade - Bring a thermos of coffee to this elevated park bench overlooking the White Mountains in the distance, perhaps the most tranquil viewpoint in the city for morning contemplation as the sun illuminates the landscape in gradually shifting light.", "Holy Donut (194 Park Ave) - These Maine potato donuts aren''t just a treat but an experience meant to be savored slowly, perhaps with the sea salt chocolate or fresh lemon varieties paired with tea or coffee while watching Portland wake up around you."]','2025-05-05 18:55:58.367203','2025-05-05 18:55:58.367204');
INSERT INTO fijalist VALUES(41,'Wes Anderson-esque Locations in New Orleans','Explore perfectly symmetrical, whimsically decorated, and color-coordinated locations that would fit perfectly in a Wes Anderson film, from historical buildings with pastel facades to meticulously designed interiors with vintage touches.','https://ik.imgkit.net/3vlqs5axxjf/external/https://media.iceportal.com/109166/photos/78931195_XL.jpg?tr=w-1200%2Cfo-auto','["The Eliza Jane Hotel (315 Magazine St) - This boutique hotel occupies what was once the Daily Picayune newspaper headquarters, with symmetrical architecture, jewel-toned furnishings, and brass fixtures arranged with meticulous precision in a manner that evokes The Grand Budapest Hotel''s aesthetic.", "Brennan''s Restaurant (417 Royal St) - The vibrant pink exterior and perfectly arranged dining rooms with their distinct color palettes (the green Chanteclair Room, the red Rooster Room) showcase the kind of bold color blocking and immaculate composition that would make Wes Anderson proud.", "The Pharmacy Museum (514 Chartres St) - Step into this time capsule with its floor-to-ceiling wooden cabinets filled with perfectly aligned antique medicine bottles, arranged with the kind of obsessive symmetry and attention to detail found in Anderson''s fictional worlds.", "Hotel Monteleone (214 Royal St) - The rotating Carousel Bar features a meticulously preserved 1940s merry-go-round centerpiece with ornate details and perfectly spaced lighting that creates the whimsical nostalgia of Moonrise Kingdom or The Life Aquatic.", "Napoleon House (500 Chartres St) - The weathered patina of this 200-year-old landmark with its symmetrical fa\u00e7ade, faded green shutters, and perfectly composed courtyard looks like it was designed as the setting for one of Anderson''s signature tracking shots.", "St. Louis Cathedral (615 Pere Antoine Alley) - The triple spires and perfectly centered rose window of this historic church represent the kind of architectural symmetry and visual balance that Anderson frequently employs in his establishing shots.", "The Columns Hotel (3811 St Charles Ave) - This Garden District mansion features a dramatically symmetrical fa\u00e7ade with evenly spaced Corinthian columns, a center staircase, and interiors with vintage-styled furnishings arranged with the kind of precision that defines Anderson''s aesthetic."]','2025-05-05 18:55:58.367537','2025-05-05 18:55:58.367537');
INSERT INTO fijalist VALUES(42,'Studio Ghibli Moments in Kyoto','Experience the enchanting, otherworldly atmosphere that inspired many of Hayao Miyazaki''s beloved animated films through this collection of Kyoto locations that embody the distinctive Studio Ghibli aesthetic of natural beauty, traditional architecture, and magical realism.','https://cambooth.net/wp-content/uploads/2019/06/20190611-Inari-Shrine-Torii-Gates.jpg','["Fushimi Inari Shrine''s Torii Path - Wander through thousands of vermilion gates creating an otherworldly tunnel reminiscent of the spirit realm in ''Spirited Away,'' especially magical during early morning or dusk when fog sometimes creeps between the gates like animated spirits.", "Arashiyama Bamboo Grove - Step into a scene straight from ''Princess Mononoke'' as sunlight filters through towering bamboo stalks creating ethereal green light and the distinctive rustling sound that feels like nature''s spirits might appear at any moment.", "Otagi Nenbutsu-ji Temple - Discover the Miyazaki-esque charm of this temple''s 1,200 moss-covered stone figures, each with uniquely expressive faces reminiscent of the kodama forest spirits, tucked away in a quiet forest setting that feels magically untouched by time.", "Sagano Romantic Train - Journey through the dramatic Hozugawa Ravine on this vintage railway that could be straight from ''Spirited Away,'' where the old-fashioned train cars wind through tunnels and alongside rushing rivers with views that shift dramatically between seasons.", "Honen-in Temple - Cross the moss-covered bridge and pass through the thatched gate to discover this hidden temple where carefully raked sand patterns, reflection pools, and ancient trees create the peaceful, contemplative atmosphere found in ''My Neighbor Totoro''s'' sacred forest scenes.", "Kurama-dera Temple - Ascend through ancient cedar forests on a mountain path dotted with small shrines and mysterious stone monuments to reach this secluded temple complex that embodies the mystical journey of spirits in ''Princess Mononoke'' and other Ghibli films.", "Kifune Shrine - Visit during rainy season when this mountaintop shrine lights hundreds of paper lanterns along the stone stairway and streams, creating magical reflections reminiscent of the bathhouse lights in ''Spirited Away'' that illuminate the path for night-wandering spirits."]','2025-05-05 18:55:58.367864','2025-05-05 18:55:58.367864');
INSERT INTO fijalist VALUES(43,'Where Witches Gather in Salem','Discover the authentic magical heart of Salem beyond tourist traps with this collection of genuine witch-owned businesses, sacred sites, and historical locations that honor both the tragic history and the vibrant present of America''s most famous witchcraft destination.','https://dynamic-media-cdn.tripadvisor.com/media/photo-o/03/a8/7a/63/hex-old-world-witchery.jpg?w=900&h=500&s=1','["Hex: Old World Witchery (246 Essex St) - Owned by practicing witches, this authentic shop provides ritual tools, spell components, and custom magical items with a focus on education rather than exploitation, hosting respected practitioners for workshops on traditional folk magic.", "The Witch House (310 1/2 Essex St) - Explore the only structure still standing with direct ties to the 1692 witch trials\u2014the home of Judge Jonathan Corwin\u2014featuring period-accurate architecture and exhibits examining the complex social, religious, and economic factors behind the trials.", "Crow Haven Corner (125 Essex St) - Visit America''s oldest witch shop, opened in 1971 by Laurie Cabot (the ''Official Witch of Salem''), now owned by practicing witch Lorelei, offering genuine magical supplies, tarot readings, and a warm community space for practitioners of various traditions.", "Salem Witch Trials Memorial (Liberty Street) - Honor the victims at this solemn monument featuring stone benches inscribed with the names of the 20 executed individuals, designed to encourage reflection on the dangers of religious persecution and mass hysteria.", "The Witchery (98 Wharf St) - Browse this female-owned metaphysical shop specializing in locally crafted magical tools and affordable spell kits, known for its inclusive approach to various traditions from Wicca to Hoodoo and cultural practices from around the world.", "Proctor''s Ledge (Pope Street) - Visit the actual execution site (identified by historians in 2016) where most victims were hanged, now marked by a simple memorial that provides a quiet space for contemplation away from the commercialized areas of Salem.", "Omen (184 Essex St) - Experience psychic readings in this witch-owned establishment known for its ethical approach to divination, with practitioners selected for accuracy and integrity rather than theatrical performance, providing authentic spiritual guidance in a respectful setting."]','2025-05-05 18:55:58.368195','2025-05-05 18:55:58.368195');
INSERT INTO fijalist VALUES(44,'Cinematic Sunsets in Santorini','Witness nature''s most spectacular daily show from Santorini''s best vantage points, where the setting sun transforms the Aegean Sea and the island''s iconic white buildings into a canvas of gold, pink and purple hues, creating moments of breathtaking beauty worthy of the silver screen.','https://images.unsplash.com/photo-1570077188670-e3a8d69ac5ff?ixlib=rb-4.0.3&ixid=MnwxMjA3fDB8MHxwaG90by1wYWdlfHx8fGVufDB8fHx8&auto=format&fit=crop&w=1074&q=80','["Oia Castle Ruins - The medieval fortress ruins at the northern tip of Santorini provide the island''s most famous sunset view, where the sun appears to melt into the Aegean Sea, illuminating the white-washed buildings and blue domes in shades of gold and amber.", "Skaros Rock, Imerovigli - This dramatic promontory jutting into the caldera offers a more secluded sunset experience, where the 15-minute hike rewards you with 360-degree views of the sun setting behind neighboring islands while painting the volcanic cliffs in otherworldly hues.", "Santo Wines Terrace - Perched on the caldera''s edge near Pyrgos, this winery''s multi-level terraces allow you to savor local volcanic-soil wines while watching the sun descend behind Thirasia island, casting long shadows across the terraced vineyards below.", "Akrotiri Lighthouse - Standing at the southwestern tip of the island, this 19th-century lighthouse offers unobstructed views of the sun setting over the open Aegean, with fewer crowds than Oia and dramatic angles of light playing across the stark volcanic landscape.", "Amoudi Bay - Descend 300 steps below Oia to this small fishing harbor where the sunset bathes the red volcanic cliffs in complementary orange light while casting the traditional fishing boats in silhouette against the glittering sea.", "Prophet Elias Monastery - At the highest point of Santorini (565 meters), this 18th-century monastery provides a unique sunset perspective looking down upon the entire island as the changing light transforms the patchwork of villages, vineyards, and volcanic terrain.", "Fira to Oia Hiking Trail - The portion of this scenic trail near Imerovigli offers numerous unofficial viewpoints where you can find a private perch on the caldera''s edge to witness the sunset illuminate the white villages cascading down the volcanic cliffs."]','2025-05-05 18:55:58.368526','2025-05-05 18:55:58.368526');
INSERT INTO fijalist VALUES(45,'Twilight Tour of Forks, Washington','Step into the atmospheric world of Stephenie Meyer''s vampire saga with this tour of the Olympic Peninsula''s misty forests, moody beaches, and small-town locations that inspired and served as settings for the Twilight series, creating an immersive experience for fans of the books and films.','https://media.tacdn.com/media/attractions-splice-spp-674x446/10/5e/82/98.jpg','["Forks Visitor Center (1411 S Forks Ave) - Begin your Twilight journey at this essential first stop housing original props from the films, a recreation of Bella''s red truck, and the official Logging Capital of the World sign seen in the movies, with staff offering maps to key locations throughout the town.", "La Push Beaches - Experience the atmospheric power of First Beach where Jacob first told Bella the ''cold ones'' legend, with its dramatic sea stacks, driftwood-strewn shore, and frequent mist creating the perfect moody backdrop for contemplating supernatural romance.", "Forks Outfitters (950 S Forks Ave) - Shop at the store where locals and the fictional Bella Swan bought essentials, now featuring a dedicated ''Twilight'' section selling merchandise alongside the practical outdoor gear needed for the perpetually wet Olympic Peninsula climate.", "Hoh Rain Forest - Wander through the moss-draped, emerald wonderland that inspired the forest scenes where the Cullens demonstrated their supernatural abilities, with 150 inches of annual rainfall creating the perpetually wet, mystical environment essential to the story''s atmosphere.", "Forks High School (261 Spartan Ave) - Take photos at the actual school that served as the exterior for Bella''s educational setting (though interior scenes were filmed elsewhere), with its ''Home of the Spartans'' sign now a popular picture spot for visiting fans.", "Miller Tree Inn (654 E Division St) - Visit the white house designated as the Cullen residence by the town of Forks, featuring a sign proclaiming it as the vampire family''s home and occasionally displaying notes from Dr. Cullen explaining their absence due to good hiking weather.", "Bella Italia Restaurant (118 E First St, Port Angeles) - Dine at the actual restaurant where Bella and Edward had their first date, ordering ''Bella''s Mushroom Ravioli'' from the menu while seated at a table overlooking the harbor in nearby Port Angeles."]','2025-05-05 18:55:58.368862','2025-05-05 18:55:58.368863');
INSERT INTO fijalist VALUES(46,'The Queen''s Gambit Chess Tour of Lexington, Kentucky','Explore the real-life settings featured in the hit Netflix series about chess prodigy Beth Harmon, visiting filming locations, chess-related spots, and mid-century architectural gems that bring the fictional Kentucky of the 1950s and 60s to life.','https://assets.simpleviewinc.com/simpleview/image/upload/c_fill,h_675,q_75,w_1200/v1/clients/lexington/harmon_room_wide_v3_fe764099-e5a7-4d3e-b711-6a522e6ed64d.jpg','["The Lexington Herald-Leader Building (100 Midland Ave) - This mid-century modern architectural gem served as the exterior of the fictional Ben Snyder''s Department Store where young Beth shoplifted chess magazines to fuel her early obsession with the game.", "Wheeler Pharmacy (824 Euclid Ave) - Visit this authentic 1950s drugstore and lunch counter that embodies the nostalgic Americana of Beth''s Kentucky hometown, offering the opportunity to sit at a retro soda fountain while strategizing your next chess move.", "The Kentucky Castle (230 Pisgah Pike, Versailles) - Experience the elegance of a Paris hotel suite at this castle-like structure just outside Lexington, which perfectly captures the aesthetic of Beth''s international chess tournaments with its European-inspired architecture.", "The Harmon House (712 E High St) - Take photos outside this stately Colonial Revival home that inspired the residence where Beth lives with her adoptive mother, Alma, showcasing the comfortable middle-class existence she achieves through her chess winnings.", "Central Library Chess Club (140 E Main St) - Join weekly gatherings of Lexington''s real chess enthusiasts in the same building where the series filmed scenes of Beth''s early tournament experiences, with players of all ages and skill levels meeting regularly.", "Lex Chess Congress at The Campbell House (1375 S Broadway) - Time your visit to coincide with this annual tournament held at a historic hotel, where you can play in competitive matches or watch games in an atmosphere reminiscent of Beth''s first Kentucky championships.", "Belle''s Cocktail House (156 Market St) - Conclude your tour at this sophisticated lounge named after a local madam, offering artisanal cocktails similar to the tranquilizer-laced martinis that both fueled and complicated Beth''s chess career throughout the series."]','2025-05-05 18:55:58.369197','2025-05-05 18:55:58.369198');
INSERT INTO fijalist VALUES(47,'Picnic Perfection in San Francisco','Create the ultimate outdoor dining experience with this curated collection of San Francisco''s finest specialty food shops and most scenic parks, combining breathtaking views with delectable local provisions for picnics that elevate the simple pleasure of eating outdoors.','https://www.sftravel.com/sites/default/files/styles/share_image/public/2022-11/dolores-park-mission-district-picnic.jpg.webp?itok=9X3AKqPI','["Bi-Rite Market (3639 18th St) + Dolores Park - Begin at this beloved gourmet shop for made-to-order sandwiches, local cheeses, and freshly baked cookies before walking two blocks to this sunny park with panoramic city views and a vibrant local atmosphere perfect for people-watching.", "Ferry Building Marketplace (1 Ferry Building) + Rincon Park - Assemble a market basket from the artisanal vendors inside this historic terminal\u2014perhaps Cowgirl Creamery cheese, Acme bread, and Frog Hollow Farm fruit\u2014then stroll to this waterfront green space offering unobstructed Bay Bridge views.", "Lucca Delicatessen (2120 Chestnut St) + Palace of Fine Arts - This century-old Italian deli crafts perfect focaccia sandwiches and antipasto platters ideal for transporting to the classical rotunda and lagoon of this breathtaking Beaux-Arts monument inspired by Roman architecture.", "Le March\u00e9 (1138 Sutter St) + Alamo Square - Select from imported French cheeses, p\u00e2t\u00e9s, and fresh baguettes at this Parisian-style market before heading to the famous park featuring the ''Painted Ladies'' Victorian houses as your dining backdrop.", "Molinari Delicatessen (373 Columbus Ave) + Washington Square Park - San Francisco''s oldest Italian deli prepares signature salamis and house-marinated olives perfect for enjoying beneath the shade of this North Beach park''s towering trees, with Saints Peter and Paul Church towers framing your meal.", "Cheese Plus (2001 Polk St) + Lafayette Park - This specialty shop offers expert-curated cheese boards paired with local honey and fruit preserves, ideal for the terraced lawns of this hilltop green space providing sweeping bay and downtown vistas.", "Gus''s Community Market (2111 Harrison St) + Warm Water Cove Park - For a less crowded experience, this family-owned grocery prepares excellent premade salads and local snacks perfect for this hidden waterfront park on the eastern shore, offering industrial-maritime views and peaceful seclusion."]','2025-05-05 18:55:58.369587','2025-05-05 18:55:58.369587');
INSERT INTO fijalist VALUES(48,'Grandparent''s Secret Recipes in Puglia, Italy','Discover the culinary soul of southern Italy through Puglia''s most authentic food experiences, where time-honored traditions passed through generations are preserved in family-run trattorias, ancient masserie, and local homes that share the region''s distinctive, rustic cuisine.','https://pugliaparadise.com/wp-content/uploads/2023/07/weekly-local-market-1_risultato-1024x683-1.jpg','["Nonna Vanna''s Cooking School (Via Orfanelle 11, Bari) - Learn to shape orecchiette pasta using only your thumb and a knife in this grandmother''s home kitchen, where she teaches the technique passed down through five generations before serving it with her family''s traditional turnip green sauce.", "Masseria Il Frantoio (Strada Statale 16, Ostuni) - Dine in a 500-year-old olive farm where the resident nonna prepares eight-course tasting menus featuring forgotten recipes collected from elderly villagers throughout Puglia, using only ingredients grown on the property or foraged from the surrounding countryside.", "Maria''s Focaccia Barese (Strada Vallisa 23, Bari) - Experience the definitive version of Puglia''s iconic potato focaccia at this third-generation bakery where 78-year-old Maria still rises at 4am to prepare the dough using her grandmother''s wooden proofing troughs and century-old sourdough starter.", "Antica Masseria Jorche (Contrada Jorche, Torricella) - Join the matriarch of this family estate for hands-on lessons in preparing traditional Puglian preserves\u2014from sun-dried tomatoes packed in olive oil to wild cardoon preserved in clay jars\u2014using methods unchanged since the 19th century.", "Al Fornello da Ricci (Via Imbriani 29, Ceglie Messapica) - Savor slow-cooked lamb and handmade pasta at this Michelin-starred trattoria run by three generations of women who still prepare signature dishes in traditional clay pots over an open hearth exactly as their ancestors did.", "Castel di Salve Wine Estate (Via 4 Novembre, Depressa) - Sample wines made from indigenous varieties like Negroamaro and Primitivo while learning traditional Salentine food preservation techniques from the estate owner''s grandmother, who still makes ricotta cheese by hand over an open fire.", "Panificio Fiore (Via San Francesco D''Assisi 46, Altamura) - Witness the creation of DOP-protected Altamura bread at this fifth-generation bakery using an oven dating to 1730, where dough is still mixed in wooden troughs and shaped according to ancient traditions requiring specific folding techniques."]','2025-05-05 18:55:58.369939','2025-05-05 18:55:58.369940');
INSERT INTO fijalist VALUES(49,'Thrillseekers! in Queenstown, New Zealand','Challenge your limits with Queenstown''s most heart-pounding adventure experiences, from bungee jumps launched by the original commercial operator to high-speed jet boat rides through narrow canyons, all set against the breathtaking backdrop of New Zealand''s Southern Alps and crystal-clear lakes.','https://dynamic-media-cdn.tripadvisor.com/media/photo-o/07/cb/75/1c/ledge-bungy.jpg?w=1200&h=1200&s=1','["AJ Hackett Nevis Bungy (45 Camp St) - Take the 134-meter plunge from New Zealand''s highest bungy platform, suspended on a cable car above the Nevis River canyon where the 8.5-second freefall creates such intense acceleration that many jumpers report time itself seems to slow down.", "Shotover Canyon Swing (34 Shotover St) - Experience the world''s highest cliff jump as you''re harnessed to a specialized swing system that sends you on a 200-meter arc through the spectacular Shotover Canyon, with over 70 different jump styles from the ''Chair of Death'' to the ''Elvis Cutaway.''", "Skydive Queenstown (35 Lucas Place) - Freefall for up to 60 seconds from 15,000 feet above Lake Wakatipu with New Zealand''s most scenic tandem skydive, where the panoramic views transition from snow-capped Southern Alps to the turquoise waters of the lightning-bolt shaped lake below.", "Shotover Jet (3 Arthurs Point Road) - Navigate within inches of canyon walls at speeds exceeding 85 kph in a specialized jet boat performing 360-degree spins through the narrow Shotover River Canyons, an experience so intense even Prince William and Kate Middleton couldn''t resist trying it.", "Ziptrek Ecotours Kereru Tour (45 Camp St) - Fly down the steepest tree-to-tree zipline in the world with a 30-story descent at speeds of up to 70 kph, offering both adrenaline and stunning vistas of Lake Wakatipu and the Remarkables mountain range throughout the six-line course.", "Hydro Attack (Beach Street Jetty) - Pilot a semi-submersible watercraft shaped like a shark that both dives beneath Lake Wakatipu''s surface and launches up to 18 feet into the air at 80 kph, creating a unique combination of jet ski, submarine, and dolphin-like experience.", "Nevis Catapult (45 Camp St) - Be launched 150 meters across the Nevis Valley experiencing up to 3Gs of force in the world''s biggest and most extreme catapult, reaching speeds of nearly 100 kph in 1.5 seconds flat as you''re propelled high above the valley floor."]','2025-05-05 18:55:58.370281','2025-05-05 18:55:58.370281');
CREATE TABLE tag (
	id INTEGER NOT NULL, 
	name VARCHAR(50) NOT NULL, 
	PRIMARY KEY (id), 
	UNIQUE (name)
);
INSERT INTO tag VALUES(1,'food');
INSERT INTO tag VALUES(2,'queens');
INSERT INTO tag VALUES(3,'asian-cuisine');
INSERT INTO tag VALUES(4,'restaurants');
INSERT INTO tag VALUES(5,'history');
INSERT INTO tag VALUES(6,'boston');
INSERT INTO tag VALUES(7,'food-drink');
INSERT INTO tag VALUES(8,'pubs');
INSERT INTO tag VALUES(9,'art');
INSERT INTO tag VALUES(10,'street-art');
INSERT INTO tag VALUES(11,'melbourne');
INSERT INTO tag VALUES(12,'urban-culture');
INSERT INTO tag VALUES(13,'architecture');
INSERT INTO tag VALUES(14,'chicago');
INSERT INTO tag VALUES(15,'design');
INSERT INTO tag VALUES(16,'literature');
INSERT INTO tag VALUES(17,'travel');
INSERT INTO tag VALUES(18,'ireland');
INSERT INTO tag VALUES(19,'nature');
INSERT INTO tag VALUES(20,'animals');
INSERT INTO tag VALUES(21,'san-diego');
INSERT INTO tag VALUES(22,'family-friendly');
INSERT INTO tag VALUES(23,'outdoor-activities');
INSERT INTO tag VALUES(24,'film-locations');
INSERT INTO tag VALUES(25,'vancouver');
INSERT INTO tag VALUES(26,'entertainment');
INSERT INTO tag VALUES(27,'florida');
INSERT INTO tag VALUES(28,'key-west');
INSERT INTO tag VALUES(29,'hemingway');
INSERT INTO tag VALUES(30,'pacific-northwest');
INSERT INTO tag VALUES(31,'painting');
INSERT INTO tag VALUES(32,'bob-ross');
INSERT INTO tag VALUES(33,'landscapes');
INSERT INTO tag VALUES(34,'dublin');
INSERT INTO tag VALUES(35,'urban-exploration');
INSERT INTO tag VALUES(36,'hidden-gems');
INSERT INTO tag VALUES(37,'adventure');
INSERT INTO tag VALUES(38,'coffee');
INSERT INTO tag VALUES(39,'portland');
INSERT INTO tag VALUES(40,'cafes');
INSERT INTO tag VALUES(41,'film');
INSERT INTO tag VALUES(42,'music');
INSERT INTO tag VALUES(43,'jazz');
INSERT INTO tag VALUES(44,'new-orleans');
INSERT INTO tag VALUES(45,'louisiana');
INSERT INTO tag VALUES(46,'gardens');
INSERT INTO tag VALUES(47,'tokyo');
INSERT INTO tag VALUES(48,'japan');
INSERT INTO tag VALUES(49,'urban-retreats');
INSERT INTO tag VALUES(50,'art-deco');
INSERT INTO tag VALUES(51,'miami');
INSERT INTO tag VALUES(52,'vinyl');
INSERT INTO tag VALUES(53,'record-shops');
INSERT INTO tag VALUES(54,'london');
INSERT INTO tag VALUES(55,'uk');
INSERT INTO tag VALUES(56,'shopping');
INSERT INTO tag VALUES(57,'geology');
INSERT INTO tag VALUES(58,'national-parks');
INSERT INTO tag VALUES(59,'utah');
INSERT INTO tag VALUES(60,'outdoors');
INSERT INTO tag VALUES(61,'hiking');
INSERT INTO tag VALUES(62,'chocolate');
INSERT INTO tag VALUES(63,'paris');
INSERT INTO tag VALUES(64,'france');
INSERT INTO tag VALUES(65,'culinary');
INSERT INTO tag VALUES(66,'engineering');
INSERT INTO tag VALUES(67,'rome');
INSERT INTO tag VALUES(68,'italy');
INSERT INTO tag VALUES(69,'ancient-history');
INSERT INTO tag VALUES(70,'hawker-centers');
INSERT INTO tag VALUES(71,'singapore');
INSERT INTO tag VALUES(72,'street-food');
INSERT INTO tag VALUES(73,'television');
INSERT INTO tag VALUES(74,'scandinavia');
INSERT INTO tag VALUES(75,'denmark');
INSERT INTO tag VALUES(76,'sweden');
INSERT INTO tag VALUES(77,'norway');
INSERT INTO tag VALUES(78,'indigenous');
INSERT INTO tag VALUES(79,'aboriginal');
INSERT INTO tag VALUES(80,'australia');
INSERT INTO tag VALUES(81,'northern-territory');
INSERT INTO tag VALUES(82,'culture');
INSERT INTO tag VALUES(83,'aesthetic');
INSERT INTO tag VALUES(84,'film-inspired');
INSERT INTO tag VALUES(85,'romantic');
INSERT INTO tag VALUES(86,'san-francisco');
INSERT INTO tag VALUES(87,'historical');
INSERT INTO tag VALUES(88,'nostalgic');
INSERT INTO tag VALUES(89,'date-night');
INSERT INTO tag VALUES(90,'night-scenes');
INSERT INTO tag VALUES(91,'whimsical');
INSERT INTO tag VALUES(92,'japanese-inspired');
INSERT INTO tag VALUES(93,'miyazaki');
INSERT INTO tag VALUES(94,'magical');
INSERT INTO tag VALUES(95,'urban');
INSERT INTO tag VALUES(96,'eco-tourism');
INSERT INTO tag VALUES(97,'indoor');
INSERT INTO tag VALUES(98,'cozy');
INSERT INTO tag VALUES(99,'seattle');
INSERT INTO tag VALUES(100,'rain');
INSERT INTO tag VALUES(101,'sunset');
INSERT INTO tag VALUES(102,'photography');
INSERT INTO tag VALUES(103,'santorini');
INSERT INTO tag VALUES(104,'greece');
INSERT INTO tag VALUES(105,'viewpoints');
INSERT INTO tag VALUES(106,'marine-life');
INSERT INTO tag VALUES(107,'monterey');
INSERT INTO tag VALUES(108,'california');
INSERT INTO tag VALUES(109,'aquarium');
INSERT INTO tag VALUES(110,'wildlife');
INSERT INTO tag VALUES(111,'nashville');
INSERT INTO tag VALUES(112,'record-stores');
INSERT INTO tag VALUES(113,'retro');
INSERT INTO tag VALUES(114,'brooklyn');
INSERT INTO tag VALUES(115,'vintage');
INSERT INTO tag VALUES(116,'craft-beer');
INSERT INTO tag VALUES(117,'artisanal');
INSERT INTO tag VALUES(118,'nightlife');
INSERT INTO tag VALUES(119,'marilyn-monroe');
INSERT INTO tag VALUES(120,'new-york-city');
INSERT INTO tag VALUES(121,'film-history');
INSERT INTO tag VALUES(122,'iconic');
INSERT INTO tag VALUES(123,'celebrity');
INSERT INTO tag VALUES(124,'manhattan');
INSERT INTO tag VALUES(125,'toronto');
INSERT INTO tag VALUES(126,'introvert');
INSERT INTO tag VALUES(127,'quiet-spaces');
INSERT INTO tag VALUES(128,'solitude');
INSERT INTO tag VALUES(129,'canada');
INSERT INTO tag VALUES(130,'mindfulness');
INSERT INTO tag VALUES(131,'los-angeles');
INSERT INTO tag VALUES(132,'fine-dining');
INSERT INTO tag VALUES(133,'kylie-jenner');
INSERT INTO tag VALUES(134,'cesar-chavez');
INSERT INTO tag VALUES(135,'labor-rights');
INSERT INTO tag VALUES(136,'agriculture');
INSERT INTO tag VALUES(137,'social-justice');
INSERT INTO tag VALUES(138,'the-originals');
INSERT INTO tag VALUES(139,'supernatural');
INSERT INTO tag VALUES(140,'filming-locations');
INSERT INTO tag VALUES(141,'gothic');
INSERT INTO tag VALUES(142,'vampires');
INSERT INTO tag VALUES(143,'bali');
INSERT INTO tag VALUES(144,'spiritual');
INSERT INTO tag VALUES(145,'healing');
INSERT INTO tag VALUES(146,'indonesia');
INSERT INTO tag VALUES(147,'meditation');
INSERT INTO tag VALUES(148,'self-discovery');
INSERT INTO tag VALUES(149,'women');
INSERT INTO tag VALUES(150,'cocktails');
INSERT INTO tag VALUES(151,'dancing');
INSERT INTO tag VALUES(152,'colorado');
INSERT INTO tag VALUES(153,'david-bowie');
INSERT INTO tag VALUES(154,'mountains');
INSERT INTO tag VALUES(155,'outdoor-adventure');
INSERT INTO tag VALUES(156,'taylor-swift');
INSERT INTO tag VALUES(157,'celebration');
INSERT INTO tag VALUES(158,'youth');
INSERT INTO tag VALUES(159,'birthday');
INSERT INTO tag VALUES(160,'austin');
INSERT INTO tag VALUES(161,'contrasts');
INSERT INTO tag VALUES(162,'personality');
INSERT INTO tag VALUES(163,'unique');
INSERT INTO tag VALUES(164,'texas');
INSERT INTO tag VALUES(165,'experiences');
INSERT INTO tag VALUES(166,'portland-maine');
INSERT INTO tag VALUES(167,'slow-living');
INSERT INTO tag VALUES(168,'relaxation');
INSERT INTO tag VALUES(169,'morning');
INSERT INTO tag VALUES(170,'new-england');
INSERT INTO tag VALUES(171,'wes-anderson');
INSERT INTO tag VALUES(172,'kyoto');
INSERT INTO tag VALUES(173,'ghibli');
INSERT INTO tag VALUES(174,'anime-inspired');
INSERT INTO tag VALUES(175,'salem');
INSERT INTO tag VALUES(176,'witchcraft');
INSERT INTO tag VALUES(177,'metaphysical');
INSERT INTO tag VALUES(178,'massachusetts');
INSERT INTO tag VALUES(179,'twilight');
INSERT INTO tag VALUES(180,'forks');
INSERT INTO tag VALUES(181,'washington');
INSERT INTO tag VALUES(182,'literary-tourism');
INSERT INTO tag VALUES(183,'chess');
INSERT INTO tag VALUES(184,'lexington');
INSERT INTO tag VALUES(185,'queens-gambit');
INSERT INTO tag VALUES(186,'kentucky');
INSERT INTO tag VALUES(187,'mid-century');
INSERT INTO tag VALUES(188,'picnic');
INSERT INTO tag VALUES(189,'parks');
INSERT INTO tag VALUES(190,'outdoor-dining');
INSERT INTO tag VALUES(191,'gourmet');
INSERT INTO tag VALUES(192,'puglia');
INSERT INTO tag VALUES(193,'italian-cuisine');
INSERT INTO tag VALUES(194,'traditional');
INSERT INTO tag VALUES(195,'cooking');
INSERT INTO tag VALUES(196,'family-recipes');
INSERT INTO tag VALUES(197,'culinary-heritage');
INSERT INTO tag VALUES(198,'adrenaline');
INSERT INTO tag VALUES(199,'queenstown');
INSERT INTO tag VALUES(200,'new-zealand');
INSERT INTO tag VALUES(201,'extreme-sports');
INSERT INTO tag VALUES(202,'bungee');
CREATE TABLE user (
	id INTEGER NOT NULL, 
	username VARCHAR(80) NOT NULL, 
	email VARCHAR(200) NOT NULL, 
	password_hash VARCHAR(200) NOT NULL, 
	profile_picture VARCHAR(200), 
	created_at DATETIME, 
	updated_at DATETIME, 
	PRIMARY KEY (id), 
	UNIQUE (username), 
	UNIQUE (email)
);
INSERT INTO user VALUES(1,'tavi_kauwe','tavi.kauwe@example.com','$2b$12$KJJgJCBzPMVN4xVEJ4PC3OXDXNVGIxrYGcCcL1S6NKV4vX2DY/Fhu','tavi_profile.jpg','2025-05-05 18:55:58.311233','2025-05-05 18:55:58.311275');
INSERT INTO user VALUES(2,'myshkin_kauwe','myshkin.kauwe@example.com','$2b$12$KJJgJCBzPMVN4xVEJ4PC3OXDXNVGIxrYGcCcL1S6NKV4vX2DY/Fhu','myshkin_profile.jpg','2025-05-05 18:55:58.311233','2025-05-05 18:55:58.311275');
INSERT INTO user VALUES(3,'traveler42','adventure.seeker@example.com','$2b$12$KJJgJCBzPMVN4xVEJ4PC3OXDXNVGIxrYGcCcL1S6NKV4vX2DY/Fhu','traveler_profile.jpg','2025-05-05 18:55:58.311233','2025-05-05 18:55:58.311275');
INSERT INTO user VALUES(4,'urban_explorer','city.wanderer@example.com','$2b$12$KJJgJCBzPMVN4xVEJ4PC3OXDXNVGIxrYGcCcL1S6NKV4vX2DY/Fhu','explorer_profile.jpg','2025-05-05 18:55:58.311233','2025-05-05 18:55:58.311275');
INSERT INTO user VALUES(5,'foodie_finds','culinary.quests@example.com','$2b$12$KJJgJCBzPMVN4xVEJ4PC3OXDXNVGIxrYGcCcL1S6NKV4vX2DY/Fhu','foodie_profile.jpg','2025-05-05 18:55:58.311233','2025-05-05 18:55:58.311275');
CREATE TABLE collection (
	id INTEGER NOT NULL, 
	user_id INTEGER NOT NULL, 
	name VARCHAR(255) NOT NULL, 
	description VARCHAR(500), 
	is_private BOOLEAN, 
	created_at DATETIME, 
	updated_at DATETIME, 
	PRIMARY KEY (id), 
	FOREIGN KEY(user_id) REFERENCES user (id)
);
INSERT INTO collection VALUES(1,1,'Tavi''s Foodie Collection','A collection of the best food experiences and culinary adventures from around the world',0,'2025-05-05 18:55:58.347360','2025-05-05 18:55:58.347363');
INSERT INTO collection VALUES(2,1,'Tavi''s Nature Collection','Beautiful outdoor experiences and natural wonders worth exploring',0,'2025-05-05 18:55:58.347364','2025-05-05 18:55:58.347364');
INSERT INTO collection VALUES(3,2,'Myshkin''s Literary Journeys','Following the footsteps of famous authors and their inspirations',0,'2025-05-05 18:55:58.347365','2025-05-05 18:55:58.347365');
INSERT INTO collection VALUES(4,2,'Myshkin''s Hidden Gems','Off-the-beaten-path locations and experiences that tourists often miss',1,'2025-05-05 18:55:58.347365','2025-05-05 18:55:58.347365');
INSERT INTO collection VALUES(5,3,'Adventure Bucket List','Thrilling experiences for the ultimate adventure seeker',0,'2025-05-05 18:55:58.347366','2025-05-05 18:55:58.347366');
INSERT INTO collection VALUES(6,4,'Urban Exploration','Discover the hidden sides of cities around the world',0,'2025-05-05 18:55:58.347366','2025-05-05 18:55:58.347367');
INSERT INTO collection VALUES(7,5,'Global Flavors','International culinary journeys and food experiences',0,'2025-05-05 18:55:58.347367','2025-05-05 18:55:58.347367');
CREATE TABLE fijalist_tag (
	id INTEGER NOT NULL, 
	fijalist_id INTEGER NOT NULL, 
	tag_id INTEGER NOT NULL, 
	PRIMARY KEY (id), 
	FOREIGN KEY(fijalist_id) REFERENCES fijalist (id), 
	FOREIGN KEY(tag_id) REFERENCES tag (id)
);
INSERT INTO fijalist_tag VALUES(1,1,16);
INSERT INTO fijalist_tag VALUES(2,1,27);
INSERT INTO fijalist_tag VALUES(3,1,28);
INSERT INTO fijalist_tag VALUES(4,1,29);
INSERT INTO fijalist_tag VALUES(5,1,7);
INSERT INTO fijalist_tag VALUES(6,1,8);
INSERT INTO fijalist_tag VALUES(7,2,38);
INSERT INTO fijalist_tag VALUES(8,2,39);
INSERT INTO fijalist_tag VALUES(9,2,40);
INSERT INTO fijalist_tag VALUES(10,3,19);
INSERT INTO fijalist_tag VALUES(11,3,9);
INSERT INTO fijalist_tag VALUES(12,3,30);
INSERT INTO fijalist_tag VALUES(13,4,20);
INSERT INTO fijalist_tag VALUES(14,4,21);
INSERT INTO fijalist_tag VALUES(15,4,17);
INSERT INTO fijalist_tag VALUES(16,4,7);
INSERT INTO fijalist_tag VALUES(17,5,16);
INSERT INTO fijalist_tag VALUES(18,5,17);
INSERT INTO fijalist_tag VALUES(19,5,18);
INSERT INTO fijalist_tag VALUES(20,5,7);
INSERT INTO fijalist_tag VALUES(21,5,8);
INSERT INTO fijalist_tag VALUES(22,6,13);
INSERT INTO fijalist_tag VALUES(23,6,14);
INSERT INTO fijalist_tag VALUES(24,6,15);
INSERT INTO fijalist_tag VALUES(25,6,5);
INSERT INTO fijalist_tag VALUES(26,7,9);
INSERT INTO fijalist_tag VALUES(27,7,10);
INSERT INTO fijalist_tag VALUES(28,7,11);
INSERT INTO fijalist_tag VALUES(29,7,12);
INSERT INTO fijalist_tag VALUES(30,8,5);
INSERT INTO fijalist_tag VALUES(31,8,6);
INSERT INTO fijalist_tag VALUES(32,8,7);
INSERT INTO fijalist_tag VALUES(33,8,8);
INSERT INTO fijalist_tag VALUES(34,9,1);
INSERT INTO fijalist_tag VALUES(35,9,2);
INSERT INTO fijalist_tag VALUES(36,9,3);
INSERT INTO fijalist_tag VALUES(37,9,4);
INSERT INTO fijalist_tag VALUES(38,10,41);
INSERT INTO fijalist_tag VALUES(39,10,25);
INSERT INTO fijalist_tag VALUES(40,10,17);
INSERT INTO fijalist_tag VALUES(41,10,26);
INSERT INTO fijalist_tag VALUES(42,11,42);
INSERT INTO fijalist_tag VALUES(43,11,43);
INSERT INTO fijalist_tag VALUES(44,11,5);
INSERT INTO fijalist_tag VALUES(45,11,44);
INSERT INTO fijalist_tag VALUES(46,11,45);
INSERT INTO fijalist_tag VALUES(47,12,19);
INSERT INTO fijalist_tag VALUES(48,12,46);
INSERT INTO fijalist_tag VALUES(49,12,47);
INSERT INTO fijalist_tag VALUES(50,12,48);
INSERT INTO fijalist_tag VALUES(51,12,49);
INSERT INTO fijalist_tag VALUES(52,13,13);
INSERT INTO fijalist_tag VALUES(53,13,50);
INSERT INTO fijalist_tag VALUES(54,13,51);
INSERT INTO fijalist_tag VALUES(55,13,27);
INSERT INTO fijalist_tag VALUES(56,13,15);
INSERT INTO fijalist_tag VALUES(57,13,5);
INSERT INTO fijalist_tag VALUES(58,14,42);
INSERT INTO fijalist_tag VALUES(59,14,52);
INSERT INTO fijalist_tag VALUES(60,14,53);
INSERT INTO fijalist_tag VALUES(61,14,54);
INSERT INTO fijalist_tag VALUES(62,14,55);
INSERT INTO fijalist_tag VALUES(63,14,56);
INSERT INTO fijalist_tag VALUES(64,15,19);
INSERT INTO fijalist_tag VALUES(65,15,57);
INSERT INTO fijalist_tag VALUES(66,15,58);
INSERT INTO fijalist_tag VALUES(67,15,59);
INSERT INTO fijalist_tag VALUES(68,15,60);
INSERT INTO fijalist_tag VALUES(69,15,61);
INSERT INTO fijalist_tag VALUES(70,16,1);
INSERT INTO fijalist_tag VALUES(71,16,62);
INSERT INTO fijalist_tag VALUES(72,16,63);
INSERT INTO fijalist_tag VALUES(73,16,64);
INSERT INTO fijalist_tag VALUES(74,16,65);
INSERT INTO fijalist_tag VALUES(75,17,5);
INSERT INTO fijalist_tag VALUES(76,17,66);
INSERT INTO fijalist_tag VALUES(77,17,13);
INSERT INTO fijalist_tag VALUES(78,17,67);
INSERT INTO fijalist_tag VALUES(79,17,68);
INSERT INTO fijalist_tag VALUES(80,17,69);
INSERT INTO fijalist_tag VALUES(81,18,1);
INSERT INTO fijalist_tag VALUES(82,18,70);
INSERT INTO fijalist_tag VALUES(83,18,71);
INSERT INTO fijalist_tag VALUES(84,18,72);
INSERT INTO fijalist_tag VALUES(85,18,65);
INSERT INTO fijalist_tag VALUES(86,19,41);
INSERT INTO fijalist_tag VALUES(87,19,73);
INSERT INTO fijalist_tag VALUES(88,19,74);
INSERT INTO fijalist_tag VALUES(89,19,75);
INSERT INTO fijalist_tag VALUES(90,19,76);
INSERT INTO fijalist_tag VALUES(91,19,77);
INSERT INTO fijalist_tag VALUES(92,20,9);
INSERT INTO fijalist_tag VALUES(93,20,78);
INSERT INTO fijalist_tag VALUES(94,20,79);
INSERT INTO fijalist_tag VALUES(95,20,80);
INSERT INTO fijalist_tag VALUES(96,20,81);
INSERT INTO fijalist_tag VALUES(97,20,82);
INSERT INTO fijalist_tag VALUES(98,21,13);
INSERT INTO fijalist_tag VALUES(99,21,15);
INSERT INTO fijalist_tag VALUES(100,21,44);
INSERT INTO fijalist_tag VALUES(101,21,83);
INSERT INTO fijalist_tag VALUES(102,21,84);
INSERT INTO fijalist_tag VALUES(103,22,85);
INSERT INTO fijalist_tag VALUES(104,22,86);
INSERT INTO fijalist_tag VALUES(105,22,87);
INSERT INTO fijalist_tag VALUES(106,22,88);
INSERT INTO fijalist_tag VALUES(107,22,89);
INSERT INTO fijalist_tag VALUES(108,22,90);
INSERT INTO fijalist_tag VALUES(109,23,91);
INSERT INTO fijalist_tag VALUES(110,23,39);
INSERT INTO fijalist_tag VALUES(111,23,46);
INSERT INTO fijalist_tag VALUES(112,23,92);
INSERT INTO fijalist_tag VALUES(113,23,93);
INSERT INTO fijalist_tag VALUES(114,23,94);
INSERT INTO fijalist_tag VALUES(115,24,19);
INSERT INTO fijalist_tag VALUES(116,24,95);
INSERT INTO fijalist_tag VALUES(117,24,71);
INSERT INTO fijalist_tag VALUES(118,24,13);
INSERT INTO fijalist_tag VALUES(119,24,46);
INSERT INTO fijalist_tag VALUES(120,24,96);
INSERT INTO fijalist_tag VALUES(121,25,97);
INSERT INTO fijalist_tag VALUES(122,25,98);
INSERT INTO fijalist_tag VALUES(123,25,99);
INSERT INTO fijalist_tag VALUES(124,25,100);
INSERT INTO fijalist_tag VALUES(125,25,40);
INSERT INTO fijalist_tag VALUES(126,25,82);
INSERT INTO fijalist_tag VALUES(127,26,101);
INSERT INTO fijalist_tag VALUES(128,26,102);
INSERT INTO fijalist_tag VALUES(129,26,103);
INSERT INTO fijalist_tag VALUES(130,26,104);
INSERT INTO fijalist_tag VALUES(131,26,105);
INSERT INTO fijalist_tag VALUES(132,26,85);
INSERT INTO fijalist_tag VALUES(133,27,106);
INSERT INTO fijalist_tag VALUES(134,27,107);
INSERT INTO fijalist_tag VALUES(135,27,108);
INSERT INTO fijalist_tag VALUES(136,27,109);
INSERT INTO fijalist_tag VALUES(137,27,19);
INSERT INTO fijalist_tag VALUES(138,27,110);
INSERT INTO fijalist_tag VALUES(139,28,42);
INSERT INTO fijalist_tag VALUES(140,28,111);
INSERT INTO fijalist_tag VALUES(141,28,52);
INSERT INTO fijalist_tag VALUES(142,28,112);
INSERT INTO fijalist_tag VALUES(143,28,113);
INSERT INTO fijalist_tag VALUES(144,28,56);
INSERT INTO fijalist_tag VALUES(145,29,114);
INSERT INTO fijalist_tag VALUES(146,29,115);
INSERT INTO fijalist_tag VALUES(147,29,42);
INSERT INTO fijalist_tag VALUES(148,29,116);
INSERT INTO fijalist_tag VALUES(149,29,117);
INSERT INTO fijalist_tag VALUES(150,29,118);
INSERT INTO fijalist_tag VALUES(151,30,119);
INSERT INTO fijalist_tag VALUES(152,30,120);
INSERT INTO fijalist_tag VALUES(153,30,121);
INSERT INTO fijalist_tag VALUES(154,30,122);
INSERT INTO fijalist_tag VALUES(155,30,123);
INSERT INTO fijalist_tag VALUES(156,30,124);
INSERT INTO fijalist_tag VALUES(157,31,125);
INSERT INTO fijalist_tag VALUES(158,31,126);
INSERT INTO fijalist_tag VALUES(159,31,127);
INSERT INTO fijalist_tag VALUES(160,31,128);
INSERT INTO fijalist_tag VALUES(161,31,129);
INSERT INTO fijalist_tag VALUES(162,31,130);
INSERT INTO fijalist_tag VALUES(163,32,131);
INSERT INTO fijalist_tag VALUES(164,32,123);
INSERT INTO fijalist_tag VALUES(165,32,4);
INSERT INTO fijalist_tag VALUES(166,32,132);
INSERT INTO fijalist_tag VALUES(167,32,133);
INSERT INTO fijalist_tag VALUES(168,32,1);
INSERT INTO fijalist_tag VALUES(169,33,134);
INSERT INTO fijalist_tag VALUES(170,33,135);
INSERT INTO fijalist_tag VALUES(171,33,108);
INSERT INTO fijalist_tag VALUES(172,33,5);
INSERT INTO fijalist_tag VALUES(173,33,136);
INSERT INTO fijalist_tag VALUES(174,33,137);
INSERT INTO fijalist_tag VALUES(175,34,44);
INSERT INTO fijalist_tag VALUES(176,34,138);
INSERT INTO fijalist_tag VALUES(177,34,139);
INSERT INTO fijalist_tag VALUES(178,34,140);
INSERT INTO fijalist_tag VALUES(179,34,141);
INSERT INTO fijalist_tag VALUES(180,34,142);
INSERT INTO fijalist_tag VALUES(181,35,143);
INSERT INTO fijalist_tag VALUES(182,35,144);
INSERT INTO fijalist_tag VALUES(183,35,145);
INSERT INTO fijalist_tag VALUES(184,35,146);
INSERT INTO fijalist_tag VALUES(185,35,147);
INSERT INTO fijalist_tag VALUES(186,35,148);
INSERT INTO fijalist_tag VALUES(187,36,51);
INSERT INTO fijalist_tag VALUES(188,36,118);
INSERT INTO fijalist_tag VALUES(189,36,149);
INSERT INTO fijalist_tag VALUES(190,36,150);
INSERT INTO fijalist_tag VALUES(191,36,151);
INSERT INTO fijalist_tag VALUES(192,36,27);
INSERT INTO fijalist_tag VALUES(193,37,152);
INSERT INTO fijalist_tag VALUES(194,37,61);
INSERT INTO fijalist_tag VALUES(195,37,153);
INSERT INTO fijalist_tag VALUES(196,37,154);
INSERT INTO fijalist_tag VALUES(197,37,19);
INSERT INTO fijalist_tag VALUES(198,37,155);
INSERT INTO fijalist_tag VALUES(199,38,120);
INSERT INTO fijalist_tag VALUES(200,38,156);
INSERT INTO fijalist_tag VALUES(201,38,157);
INSERT INTO fijalist_tag VALUES(202,38,158);
INSERT INTO fijalist_tag VALUES(203,38,118);
INSERT INTO fijalist_tag VALUES(204,38,159);
INSERT INTO fijalist_tag VALUES(205,39,160);
INSERT INTO fijalist_tag VALUES(206,39,161);
INSERT INTO fijalist_tag VALUES(207,39,162);
INSERT INTO fijalist_tag VALUES(208,39,163);
INSERT INTO fijalist_tag VALUES(209,39,164);
INSERT INTO fijalist_tag VALUES(210,39,165);
INSERT INTO fijalist_tag VALUES(211,40,166);
INSERT INTO fijalist_tag VALUES(212,40,167);
INSERT INTO fijalist_tag VALUES(213,40,168);
INSERT INTO fijalist_tag VALUES(214,40,169);
INSERT INTO fijalist_tag VALUES(215,40,170);
INSERT INTO fijalist_tag VALUES(216,40,130);
INSERT INTO fijalist_tag VALUES(217,41,13);
INSERT INTO fijalist_tag VALUES(218,41,15);
INSERT INTO fijalist_tag VALUES(219,41,44);
INSERT INTO fijalist_tag VALUES(220,41,83);
INSERT INTO fijalist_tag VALUES(221,41,84);
INSERT INTO fijalist_tag VALUES(222,41,171);
INSERT INTO fijalist_tag VALUES(223,42,172);
INSERT INTO fijalist_tag VALUES(224,42,48);
INSERT INTO fijalist_tag VALUES(225,42,173);
INSERT INTO fijalist_tag VALUES(226,42,93);
INSERT INTO fijalist_tag VALUES(227,42,94);
INSERT INTO fijalist_tag VALUES(228,42,174);
INSERT INTO fijalist_tag VALUES(229,43,175);
INSERT INTO fijalist_tag VALUES(230,43,176);
INSERT INTO fijalist_tag VALUES(231,43,5);
INSERT INTO fijalist_tag VALUES(232,43,177);
INSERT INTO fijalist_tag VALUES(233,43,178);
INSERT INTO fijalist_tag VALUES(234,43,144);
INSERT INTO fijalist_tag VALUES(235,44,101);
INSERT INTO fijalist_tag VALUES(236,44,102);
INSERT INTO fijalist_tag VALUES(237,44,103);
INSERT INTO fijalist_tag VALUES(238,44,104);
INSERT INTO fijalist_tag VALUES(239,44,105);
INSERT INTO fijalist_tag VALUES(240,44,85);
INSERT INTO fijalist_tag VALUES(241,45,179);
INSERT INTO fijalist_tag VALUES(242,45,180);
INSERT INTO fijalist_tag VALUES(243,45,181);
INSERT INTO fijalist_tag VALUES(244,45,24);
INSERT INTO fijalist_tag VALUES(245,45,30);
INSERT INTO fijalist_tag VALUES(246,45,182);
INSERT INTO fijalist_tag VALUES(247,46,183);
INSERT INTO fijalist_tag VALUES(248,46,184);
INSERT INTO fijalist_tag VALUES(249,46,185);
INSERT INTO fijalist_tag VALUES(250,46,186);
INSERT INTO fijalist_tag VALUES(251,46,24);
INSERT INTO fijalist_tag VALUES(252,46,187);
INSERT INTO fijalist_tag VALUES(253,47,86);
INSERT INTO fijalist_tag VALUES(254,47,188);
INSERT INTO fijalist_tag VALUES(255,47,1);
INSERT INTO fijalist_tag VALUES(256,47,189);
INSERT INTO fijalist_tag VALUES(257,47,190);
INSERT INTO fijalist_tag VALUES(258,47,191);
INSERT INTO fijalist_tag VALUES(259,48,192);
INSERT INTO fijalist_tag VALUES(260,48,193);
INSERT INTO fijalist_tag VALUES(261,48,194);
INSERT INTO fijalist_tag VALUES(262,48,195);
INSERT INTO fijalist_tag VALUES(263,48,196);
INSERT INTO fijalist_tag VALUES(264,48,197);
INSERT INTO fijalist_tag VALUES(265,49,37);
INSERT INTO fijalist_tag VALUES(266,49,198);
INSERT INTO fijalist_tag VALUES(267,49,199);
INSERT INTO fijalist_tag VALUES(268,49,200);
INSERT INTO fijalist_tag VALUES(269,49,201);
INSERT INTO fijalist_tag VALUES(270,49,202);
CREATE TABLE fijalist_collection (
	id INTEGER NOT NULL, 
	fijalist_id INTEGER NOT NULL, 
	collection_id INTEGER NOT NULL, 
	added_at DATETIME, 
	PRIMARY KEY (id), 
	FOREIGN KEY(fijalist_id) REFERENCES fijalist (id), 
	FOREIGN KEY(collection_id) REFERENCES collection (id)
);
INSERT INTO fijalist_collection VALUES(1,1,3,'2025-05-05 18:55:58.350655');
INSERT INTO fijalist_collection VALUES(2,2,6,'2025-05-05 18:55:58.351430');
INSERT INTO fijalist_collection VALUES(3,2,4,'2025-05-05 18:55:58.351431');
INSERT INTO fijalist_collection VALUES(4,3,2,'2025-05-05 18:55:58.352021');
INSERT INTO fijalist_collection VALUES(5,4,2,'2025-05-05 18:55:58.352658');
INSERT INTO fijalist_collection VALUES(6,4,4,'2025-05-05 18:55:58.352659');
INSERT INTO fijalist_collection VALUES(7,5,3,'2025-05-05 18:55:58.353291');
INSERT INTO fijalist_collection VALUES(8,5,6,'2025-05-05 18:55:58.353291');
INSERT INTO fijalist_collection VALUES(9,6,6,'2025-05-05 18:55:58.353868');
INSERT INTO fijalist_collection VALUES(10,6,4,'2025-05-05 18:55:58.353868');
INSERT INTO fijalist_collection VALUES(11,7,6,'2025-05-05 18:55:58.354432');
INSERT INTO fijalist_collection VALUES(12,7,4,'2025-05-05 18:55:58.354432');
INSERT INTO fijalist_collection VALUES(13,8,6,'2025-05-05 18:55:58.355000');
INSERT INTO fijalist_collection VALUES(14,8,4,'2025-05-05 18:55:58.355000');
INSERT INTO fijalist_collection VALUES(15,9,7,'2025-05-05 18:55:58.355679');
INSERT INTO fijalist_collection VALUES(16,9,1,'2025-05-05 18:55:58.355679');
INSERT INTO fijalist_collection VALUES(17,10,4,'2025-05-05 18:55:58.356293');
COMMIT;
